# ************************************************************
# Sequel Pro SQL dump
# Версия 4499
#
# http://www.sequelpro.com/
# https://github.com/sequelpro/sequelpro
#
# Адрес: 127.0.0.1 (MySQL 5.6.26)
# Схема: med_cert
# Время создания: 2016-06-08 18:59:19 +0000
# ************************************************************


/*!40101 SET @OLD_CHARACTER_SET_CLIENT=@@CHARACTER_SET_CLIENT */;
/*!40101 SET @OLD_CHARACTER_SET_RESULTS=@@CHARACTER_SET_RESULTS */;
/*!40101 SET @OLD_COLLATION_CONNECTION=@@COLLATION_CONNECTION */;
/*!40101 SET NAMES utf8 */;
/*!40014 SET @OLD_FOREIGN_KEY_CHECKS=@@FOREIGN_KEY_CHECKS, FOREIGN_KEY_CHECKS=0 */;
/*!40101 SET @OLD_SQL_MODE=@@SQL_MODE, SQL_MODE='NO_AUTO_VALUE_ON_ZERO' */;
/*!40111 SET @OLD_SQL_NOTES=@@SQL_NOTES, SQL_NOTES=0 */;


# Дамп таблицы cords
# ------------------------------------------------------------

DROP TABLE IF EXISTS `cords`;

CREATE TABLE `cords` (
  `id` int(11) NOT NULL AUTO_INCREMENT,
  `fnum` int(11) NOT NULL COMMENT 'номер поля из таблицы form_list',
  `cy` float NOT NULL COMMENT 'coord y',
  `cx` float NOT NULL COMMENT 'coord x',
  `order` int(11) NOT NULL DEFAULT '1',
  `user` int(11) NOT NULL DEFAULT '1' COMMENT 'номер пользователя из таблицы users',
  PRIMARY KEY (`id`)
) ENGINE=InnoDB DEFAULT CHARSET=cp1251 COMMENT='координаты для пользователей';

LOCK TABLES `cords` WRITE;
/*!40000 ALTER TABLE `cords` DISABLE KEYS */;

INSERT INTO `cords` (`id`, `fnum`, `cy`, `cx`, `order`, `user`)
VALUES
	(1,1,11,66,1,1),
	(2,1,16,66,2,1),
	(3,2,12,101,1,1),
	(4,3,19.5,53,1,1),
	(5,4,26.5,53,1,1),
	(6,5,33,69,1,1),
	(7,6,33,109,1,1),
	(8,7,41,53,1,1),
	(9,8,47,53,1,1),
	(10,9,53,53,1,1),
	(11,10,61,9.5,1,1),
	(12,11,62.5,58,1,1),
	(13,11,62.5,66,2,1),
	(14,12,61,129,1,1),
	(15,13,68,9.5,1,1),
	(16,14,76.5,22,1,1),
	(17,14,76.5,54,2,1),
	(18,15,77,75,1,1),
	(19,16,76.5,154,2,1),
	(20,17,83,13,1,1),
	(21,18,83,57,1,1),
	(22,19,83,101,1,1),
	(23,20,83,144.5,1,1),
	(24,22,89,49,1,1),
	(25,25,104,93,1,1),
	(26,25,104,109,2,1),
	(27,26,109,49,1,1),
	(28,27,108,69,1,1),
	(29,28,113.5,49,1,1),
	(30,29,113.5,97,1,1),
	(31,30,120,49,1,1),
	(32,31,126,49,1,1),
	(33,33,132,49,1,1),
	(34,35,144,7.5,1,1),
	(35,36,144,43.5,1,1),
	(36,37,144,79,1,1),
	(37,38,144,115,1,1),
	(38,39,149,79,1,1),
	(39,40,149,115,1,1),
	(40,42,154,7.5,1,1),
	(41,43,154,43.5,1,1),
	(42,44,154,79,1,1),
	(43,45,154,115,1,1),
	(44,46,159,79,1,1),
	(45,47,159,115,1,1),
	(46,49,164,7.5,1,1),
	(47,50,164,43.5,1,1),
	(48,51,164,79,1,1),
	(49,52,164,115,1,1),
	(50,53,169,79,1,1),
	(51,54,169,115,1,1),
	(52,55,175,49,1,1),
	(53,56,175,107,1,1),
	(54,57,175,119,1,1);

/*!40000 ALTER TABLE `cords` ENABLE KEYS */;
UNLOCK TABLES;


# Дамп таблицы form_list
# ------------------------------------------------------------

DROP TABLE IF EXISTS `form_list`;

CREATE TABLE `form_list` (
  `id` int(11) NOT NULL AUTO_INCREMENT,
  `np` int(11) NOT NULL COMMENT 'номер поля',
  `txt` char(50) NOT NULL COMMENT 'Надпись',
  `tpe` tinyint(4) NOT NULL DEFAULT '4' COMMENT '1-выбор из списка,2-дата,3-цыфра,4-текст',
  `lngth` tinyint(4) NOT NULL DEFAULT '1' COMMENT 'Длина',
  `style` char(50) NOT NULL,
  PRIMARY KEY (`id`)
) ENGINE=InnoDB DEFAULT CHARSET=cp1251 COMMENT='Список полей заполнения формы';

LOCK TABLES `form_list` WRITE;
/*!40000 ALTER TABLE `form_list` DISABLE KEYS */;

INSERT INTO `form_list` (`id`, `np`, `txt`, `tpe`, `lngth`, `style`)
VALUES
	(59,0,'Номер листка нетрудоспособности (под штрих кодом)',3,12,''),
	(60,1,'Первичный   \\  Дубликат',1,1,''),
	(61,2,'Продолжение листка №',3,12,''),
	(62,3,'Наименовани организации',4,38,''),
	(63,4,'Адрес организации',4,38,''),
	(64,5,'Дата выдачи (ДД-ММ-ГГГГ)',2,10,''),
	(65,6,'ОГРН',3,15,''),
	(66,7,'Фамилия',4,28,''),
	(67,8,'Имя',4,28,''),
	(68,9,'Отчество',4,28,''),
	(69,10,'Дата рождения (ДД-ММ-ГГГГ)',2,10,''),
	(70,11,'Пол',1,1,''),
	(71,12,'Причина нетрудоспособности',3,2,''),
	(72,13,'Место работы (наим. организации)',4,29,''),
	(73,14,'Основное\\совместительство',1,1,''),
	(74,15,'№',3,12,''),
	(75,16,'Состоит на учете гос. учреждениях службы занятости',1,1,''),
	(76,17,'Дата 1 (ДД-ММ-ГГГГ)',2,10,''),
	(77,18,'Дата 2 (ДД-ММ-ГГГГ)',2,10,''),
	(78,19,'№ путевки',3,7,''),
	(79,20,'ОГРН санатория или клиники НИИ',3,15,''),
	(80,21,'Возраст',3,6,''),
	(81,22,'ФИО члена семьи, за которым устанавливается уход',4,39,''),
	(82,23,'Возраст',3,6,''),
	(83,24,'ФИО члена семьи, за которым устанавливается уход',4,39,''),
	(84,25,'Поставлена на учет в ранние сроки беременности',1,1,''),
	(85,26,'Отметки о нарушении режима',3,2,''),
	(86,27,'Дата (ДД-ММ-ГГГГ)',2,10,''),
	(87,28,'Находился в стационаре с',2,10,''),
	(88,29,'по',2,10,''),
	(89,30,'Дата направления в бюро МСЭ (ДД-ММ-ГГГГ)',2,10,''),
	(90,31,'Дата регистрации документов в бюро МСЭ (ДД-ММ-ГГГГ',2,10,''),
	(91,32,'Установлена/изменена группа инвалидности',3,1,''),
	(92,33,'Освидетельствован в бюро МСЭ (ДД-ММ-ГГГГ)',2,10,''),
	(93,34,'Освобождение от работы',0,1,''),
	(94,35,'С какого числа',2,10,''),
	(95,36,'По какое число',2,10,''),
	(96,37,'Должность врача',4,9,''),
	(97,38,'Фамилия и инициалы врача',4,14,''),
	(98,39,'Председатель ВК',4,9,''),
	(99,40,'ФИО председателя ВК',4,14,''),
	(100,41,'Строка2',0,1,''),
	(101,42,'С какого числа',2,10,''),
	(102,43,'По какое число',2,10,''),
	(103,44,'Должность врача',4,9,''),
	(104,45,'Фамилия и инициалы врача',4,14,''),
	(105,46,'Председатель ВК',4,9,''),
	(106,47,'ФИО председателя ВК',4,14,''),
	(107,48,'Строка3',0,1,''),
	(108,49,'С какого числа',2,10,''),
	(109,50,'По какое число',2,10,''),
	(110,51,'Должность врача',4,9,''),
	(111,52,'Фамилия и инициалы врача',4,14,''),
	(112,53,'Председатель ВК',4,9,''),
	(113,54,'ФИО председателя ВК',4,14,''),
	(114,55,'Приступить к работе  с',2,10,''),
	(115,56,'Иное',3,2,''),
	(116,57,'Иное2',3,8,''),
	(117,58,'№ истории болезни',3,10,'');

/*!40000 ALTER TABLE `form_list` ENABLE KEYS */;
UNLOCK TABLES;


# Дамп таблицы form_list_settings
# ------------------------------------------------------------

DROP TABLE IF EXISTS `form_list_settings`;

CREATE TABLE `form_list_settings` (
  `uid` int(11) DEFAULT NULL,
  `shift_x` int(11) DEFAULT NULL,
  `shift_y` int(11) DEFAULT NULL,
  `u_o_id` int(11) DEFAULT NULL,
  `style` int(11) DEFAULT NULL
) ENGINE=InnoDB DEFAULT CHARSET=cp1251;

LOCK TABLES `form_list_settings` WRITE;
/*!40000 ALTER TABLE `form_list_settings` DISABLE KEYS */;

INSERT INTO `form_list_settings` (`uid`, `shift_x`, `shift_y`, `u_o_id`, `style`)
VALUES
	(1,2,3,4,5);

/*!40000 ALTER TABLE `form_list_settings` ENABLE KEYS */;
UNLOCK TABLES;


# Дамп таблицы form_list_values
# ------------------------------------------------------------

DROP TABLE IF EXISTS `form_list_values`;

CREATE TABLE `form_list_values` (
  `id` int(11) NOT NULL AUTO_INCREMENT,
  `list_id` int(11) NOT NULL,
  `order` int(11) NOT NULL,
  `value` char(50) NOT NULL,
  PRIMARY KEY (`id`)
) ENGINE=InnoDB DEFAULT CHARSET=cp1251 COMMENT='значения полей';

LOCK TABLES `form_list_values` WRITE;
/*!40000 ALTER TABLE `form_list_values` DISABLE KEYS */;

INSERT INTO `form_list_values` (`id`, `list_id`, `order`, `value`)
VALUES
	(1,1,1,'Первичный'),
	(2,1,2,'Дубликат'),
	(3,1,3,'Продолжение'),
	(4,11,1,'Мужской'),
	(5,11,2,'Женский'),
	(6,14,1,'Основное'),
	(7,14,2,'Совместительство'),
	(8,15,1,'Нет'),
	(9,15,2,'Да'),
	(10,25,1,''),
	(11,25,2,'Да'),
	(12,25,3,'Нет'),
	(13,16,1,'Нет'),
	(14,16,2,'Да');

/*!40000 ALTER TABLE `form_list_values` ENABLE KEYS */;
UNLOCK TABLES;


# Дамп таблицы organisations
# ------------------------------------------------------------

DROP TABLE IF EXISTS `organisations`;

CREATE TABLE `organisations` (
  `num` int(11) DEFAULT NULL,
  `user` int(11) DEFAULT '1',
  `value` char(50) DEFAULT NULL
) ENGINE=InnoDB DEFAULT CHARSET=cp1251;

LOCK TABLES `organisations` WRITE;
/*!40000 ALTER TABLE `organisations` DISABLE KEYS */;

INSERT INTO `organisations` (`num`, `user`, `value`)
VALUES
	(3,1,'ГБУЗ НПЦ ПСИХОНЕВРОЛОГИИ ДЗМ'),
	(4,1,'МОСКВА ДОНСКАЯ 43'),
	(6,1,'1027739134422'),
	(5,1,'curdate()'),
	(12,1,'01');

/*!40000 ALTER TABLE `organisations` ENABLE KEYS */;
UNLOCK TABLES;


# Дамп таблицы sertificates
# ------------------------------------------------------------

DROP TABLE IF EXISTS `sertificates`;

CREATE TABLE `sertificates` (
  `id` int(11) NOT NULL AUTO_INCREMENT,
  `sert_id` int(11) DEFAULT '0',
  `num` int(11) DEFAULT '0',
  `value` char(50) CHARACTER SET cp1251 DEFAULT NULL,
  `deleted` int(11) DEFAULT '0',
  PRIMARY KEY (`id`),
  KEY `sert_id` (`sert_id`),
  KEY `isdeleted` (`deleted`)
) ENGINE=InnoDB DEFAULT CHARSET=utf8;

LOCK TABLES `sertificates` WRITE;
/*!40000 ALTER TABLE `sertificates` DISABLE KEYS */;

INSERT INTO `sertificates` (`id`, `sert_id`, `num`, `value`, `deleted`)
VALUES
	(12,54,0,'22',1),
	(13,54,1,'1',1),
	(14,54,3,'ООО Грусть печаль',1),
	(15,54,4,'Заречье 17',1),
	(16,54,6,'2147483647',1),
	(17,54,7,'Петров',1),
	(18,54,8,'Петр',1),
	(19,54,9,'Петрович',1),
	(20,54,11,'1',1),
	(21,54,14,'1',1),
	(22,54,16,'1',1),
	(23,54,25,'1',1),
	(24,54,58,'5555',1),
	(27,55,4,'Заречье 17',0),
	(28,55,7,'Афанасьев',0),
	(29,55,8,'Афанасий',0),
	(30,55,9,'Афанасьевич',0),
	(31,55,11,'1',0),
	(32,55,14,'1',0),
	(36,54,0,'22',1),
	(37,54,1,'1',1),
	(38,54,3,'ООО Грусть печаль',1),
	(39,54,4,'Заречье 17',1),
	(40,54,6,'2147483647',1),
	(41,54,7,'Петров',1),
	(42,54,8,'Петр',1),
	(43,54,9,'Петрович',1),
	(44,54,11,'1',1),
	(45,54,14,'1',1),
	(46,54,16,'1',1),
	(47,54,25,'1',1),
	(48,54,58,'55556',1),
	(49,67,3,'ГБУЗ НПЦ ПСИХОНЕВРОЛОГИИ ДЗМ',0),
	(50,68,3,'ГБУЗ НПЦ ПСИХОНЕВРОЛОГИИ ДЗМ',0),
	(51,68,4,'МОСКВА ДОНСКАЯ 43',0),
	(52,68,5,'1027739134422',0),
	(53,69,3,'ГБУЗ НПЦ ПСИХОНЕВРОЛОГИИ ДЗМ',0),
	(54,69,4,'МОСКВА ДОНСКАЯ 43',0),
	(55,69,5,'1027739134422',0),
	(56,70,3,'ГБУЗ НПЦ ПСИХОНЕВРОЛОГИИ ДЗМ',0),
	(57,70,4,'МОСКВА ДОНСКАЯ 43',0),
	(58,70,6,'1027739134422',0),
	(59,71,3,'ГБУЗ НПЦ ПСИХОНЕВРОЛОГИИ ДЗМ',1),
	(60,71,4,'МОСКВА ДОНСКАЯ 43',1),
	(61,71,6,'1027739134422',1),
	(62,71,5,'curdate()',1),
	(63,71,1,'1',1),
	(64,71,3,'ГБУЗ НПЦ ПСИХОНЕВРОЛОГИИ ДЗМ',1),
	(65,71,4,'МОСКВА ДОНСКАЯ 43',1),
	(66,71,5,'curdate()',1),
	(67,71,6,'1027739134422',1),
	(68,71,7,'Сидоров',1),
	(69,71,8,'Валерий',1),
	(70,71,9,'Петрович',1),
	(71,71,11,'1',1),
	(72,71,14,'1',1),
	(73,71,16,'1',1),
	(74,71,25,'1',1),
	(75,71,58,'123456789',1),
	(76,71,1,'1',1),
	(77,71,3,'ГБУЗ НПЦ ПСИХОНЕВРОЛОГИИ ДЗМ',1),
	(78,71,4,'МОСКВА ДОНСКАЯ 43',1),
	(79,71,5,'curdate()',1),
	(80,71,6,'1027739134422',1),
	(81,71,7,'Сидорович',1),
	(82,71,8,'Валерий',1),
	(83,71,9,'Петрович',1),
	(84,71,11,'1',1),
	(85,71,14,'1',1),
	(86,71,16,'1',1),
	(87,71,25,'1',1),
	(88,71,58,'123456789',1),
	(89,72,3,'ГБУЗ НПЦ ПСИХОНЕВРОЛОГИИ ДЗМ',1),
	(90,72,4,'МОСКВА ДОНСКАЯ 43',1),
	(91,72,6,'1027739134422',1),
	(92,72,5,'curdate()',1),
	(93,54,0,'22',1),
	(94,54,1,'1',1),
	(95,54,3,'ООО Грусть печаль',1),
	(96,54,4,'Заречье 17',1),
	(97,54,6,'2147483647',1),
	(98,54,7,'Петроввф',1),
	(99,54,8,'Петрв',1),
	(100,54,9,'Петровичфф',1),
	(101,54,11,'1',1),
	(102,54,14,'1',1),
	(103,54,16,'1',1),
	(104,54,25,'1',1),
	(105,54,58,'76124598',1),
	(106,72,1,'1',1),
	(107,72,3,'ГБУЗ НПЦ ПСИХОНЕВРОЛОГИИ ДЗМ',1),
	(108,72,4,'МОСКВА ДОНСКАЯ 43',1),
	(109,72,5,'curdate()',1),
	(110,72,6,'1027739134422',1),
	(111,72,7,'Няшкин',1),
	(112,72,8,'Николай',1),
	(113,72,9,'Васильевич',1),
	(114,72,11,'1',1),
	(115,72,14,'1',1),
	(116,72,16,'1',1),
	(117,72,25,'1',1),
	(118,72,58,'2223322',1),
	(119,72,0,'123412341234',1),
	(120,72,1,'1',1),
	(121,72,3,'ГБУЗ НПЦ ПСИХОНЕВРОЛОГИИ ДЗМ',1),
	(122,72,4,'МОСКВА ДОНСКАЯ 43',1),
	(123,72,5,'curdate()',1),
	(124,72,6,'1027739134422',1),
	(125,72,7,'Няшкин',1),
	(126,72,8,'Николай',1),
	(127,72,9,'Васильевич',1),
	(128,72,11,'1',1),
	(129,72,14,'1',1),
	(130,72,16,'1',1),
	(131,72,25,'1',1),
	(132,72,58,'2223322',1),
	(133,54,0,'134134134134',0),
	(134,54,1,'1',0),
	(135,54,3,'ООО Грусть печаль',0),
	(136,54,4,'Заречье 17',0),
	(137,54,6,'2147483647',0),
	(138,54,7,'Петроввф',0),
	(139,54,8,'Петрв',0),
	(140,54,9,'Петровичфф',0),
	(141,54,11,'1',0),
	(142,54,14,'1',0),
	(143,54,16,'1',0),
	(144,54,25,'1',0),
	(145,54,58,'76124598',0),
	(146,71,0,'134134134135',1),
	(147,71,1,'1',1),
	(148,71,3,'ГБУЗ НПЦ ПСИХОНЕВРОЛОГИИ ДЗМ',1),
	(149,71,4,'МОСКВА ДОНСКАЯ 43',1),
	(150,71,5,'curdate()',1),
	(151,71,6,'1027739134422',1),
	(152,71,7,'Сидорович',1),
	(153,71,8,'Валерий',1),
	(154,71,9,'Петрович',1),
	(155,71,11,'1',1),
	(156,71,14,'1',1),
	(157,71,16,'1',1),
	(158,71,25,'1',1),
	(159,71,58,'123456789',1),
	(160,72,0,'123412341234',1),
	(161,72,1,'1',1),
	(162,72,3,'ГБУЗ НПЦ ПСИХОНЕВРОЛОГИИ ДЗМ',1),
	(163,72,4,'МОСКВА ДОНСКАЯ 43',1),
	(164,72,5,'curdate()',1),
	(165,72,6,'1027739134422',1),
	(166,72,7,'Няшкин',1),
	(167,72,8,'Николай',1),
	(168,72,9,'Васильевич',1),
	(169,72,11,'1',1),
	(170,72,14,'1',1),
	(171,72,16,'1',1),
	(172,72,25,'1',1),
	(173,72,58,'2223322',1),
	(174,71,0,'134134134135',1),
	(175,71,1,'1',1),
	(176,71,3,'ГБУЗ НПЦ ПСИХОНЕВРОЛОГИИ ДЗМ',1),
	(177,71,4,'МОСКВА ДОНСКАЯ 43',1),
	(178,71,5,'curdate()',1),
	(179,71,6,'1027739134422',1),
	(180,71,7,'Сидорович',1),
	(181,71,8,'Валерий',1),
	(182,71,9,'Петрович',1),
	(183,71,11,'1',1),
	(184,71,14,'1',1),
	(185,71,16,'1',1),
	(186,71,25,'1',1),
	(187,71,58,'123456789',1),
	(188,71,0,'134134134135',1),
	(189,71,1,'1',1),
	(190,71,3,'ГБУЗ НПЦ ПСИХОНЕВРОЛОГИИ ДЗМ',1),
	(191,71,4,'МОСКВА ДОНСКАЯ 43',1),
	(192,71,5,'curdate()',1),
	(193,71,6,'1027739134422',1),
	(194,71,7,'Сидорович',1),
	(195,71,8,'Валерий',1),
	(196,71,9,'Петрович',1),
	(197,71,11,'1',1),
	(198,71,14,'1',1),
	(199,71,16,'1',1),
	(200,71,25,'1',1),
	(201,71,58,'123456789',1),
	(202,73,3,'ГБУЗ НПЦ ПСИХОНЕВРОЛОГИИ ДЗМ',0),
	(203,73,4,'МОСКВА ДОНСКАЯ 43',0),
	(204,73,6,'1027739134422',0),
	(205,73,5,'curdate()',0),
	(206,74,3,'ГБУЗ НПЦ ПСИХОНЕВРОЛОГИИ ДЗМ',0),
	(207,74,4,'МОСКВА ДОНСКАЯ 43',0),
	(208,74,6,'1027739134422',0),
	(209,74,5,'curdate()',0),
	(210,75,3,'ГБУЗ НПЦ ПСИХОНЕВРОЛОГИИ ДЗМ',1),
	(211,75,4,'МОСКВА ДОНСКАЯ 43',1),
	(212,75,6,'1027739134422',1),
	(213,75,5,'curdate()',1),
	(214,75,1,'1',0),
	(215,75,3,'ГБУЗ НПЦ ПСИХОНЕВРОЛОГИИ ДЗМ',0),
	(216,75,4,'МОСКВА ДОНСКАЯ 43',0),
	(217,75,5,'curdate()',0),
	(218,75,6,'1027739134422',0),
	(219,75,11,'1',0),
	(220,75,14,'1',0),
	(221,75,16,'1',0),
	(222,75,25,'1',0),
	(223,76,3,'ГБУЗ НПЦ ПСИХОНЕВРОЛОГИИ ДЗМ',0),
	(224,76,4,'МОСКВА ДОНСКАЯ 43',0),
	(225,76,6,'1027739134422',0),
	(226,76,5,'curdate()',0),
	(227,77,3,'ГБУЗ НПЦ ПСИХОНЕВРОЛОГИИ ДЗМ',1),
	(228,77,4,'МОСКВА ДОНСКАЯ 43',1),
	(229,77,6,'1027739134422',1),
	(230,77,5,'curdate()',1),
	(231,77,1,'1',0),
	(232,77,3,'ГБУЗ НПЦ ПСИХОНЕВРОЛОГИИ ДЗМ',0),
	(233,77,4,'МОСКВА ДОНСКАЯ 43',0),
	(234,77,5,'curdate()',0),
	(235,77,6,'1027739134422',0),
	(236,77,11,'1',0),
	(237,77,14,'1',0),
	(238,77,16,'1',0),
	(239,77,25,'1',0),
	(240,72,0,'123412341234',1),
	(241,72,1,'1',1),
	(242,72,3,'ГБУЗ НПЦ ПСИХОНЕВРОЛОГИИ ДЗМ',1),
	(243,72,4,'МОСКВА ДОНСКАЯ 43',1),
	(244,72,5,'curdate()',1),
	(245,72,6,'1027739134422',1),
	(246,72,7,'Няшкин',1),
	(247,72,8,'Николай',1),
	(248,72,9,'Васильевич',1),
	(249,72,11,'1',1),
	(250,72,14,'1',1),
	(251,72,16,'1',1),
	(252,72,25,'1',1),
	(253,72,58,'2223322',1),
	(254,72,0,'123412341234',1),
	(255,72,1,'1',1),
	(256,72,3,'ГБУЗ НПЦ ПСИХОНЕВРОЛОГИИ ДЗМ',1),
	(257,72,4,'МОСКВА ДОНСКАЯ 43',1),
	(258,72,5,'curdate()',1),
	(259,72,6,'1027739134422',1),
	(260,72,7,'Няшкин',1),
	(261,72,8,'Николай',1),
	(262,72,9,'Васильевич',1),
	(263,72,11,'1',1),
	(264,72,14,'1',1),
	(265,72,16,'1',1),
	(266,72,25,'1',1),
	(267,72,58,'2223322',1),
	(268,78,3,'ГБУЗ НПЦ ПСИХОНЕВРОЛОГИИ ДЗМ',0),
	(269,78,4,'МОСКВА ДОНСКАЯ 43',0),
	(270,78,6,'1027739134422',0),
	(271,78,5,'curdate()',0),
	(272,79,3,'ГБУЗ НПЦ ПСИХОНЕВРОЛОГИИ ДЗМ',0),
	(273,79,4,'МОСКВА ДОНСКАЯ 43',0),
	(274,79,6,'1027739134422',0),
	(275,79,5,'curdate()',0),
	(276,80,3,'ГБУЗ НПЦ ПСИХОНЕВРОЛОГИИ ДЗМ',1),
	(277,80,4,'МОСКВА ДОНСКАЯ 43',1),
	(278,80,6,'1027739134422',1),
	(279,80,5,'curdate()',1),
	(280,80,0,'999999999999',1),
	(281,80,1,'1',1),
	(282,80,2,'123412341234',1),
	(283,80,3,'ГБУЗ НПЦ ПСИХОНЕВРОЛОГИИ ДЗМ',1),
	(284,80,4,'МОСКВА ДОНСКАЯ 43',1),
	(285,80,5,'27-03-2014',1),
	(286,80,6,'1027739134422',1),
	(287,80,7,'Николаенко',1),
	(288,80,8,'Сидор',1),
	(289,80,9,'Дмитреевич',1),
	(290,80,10,'02-01-1992',1),
	(291,80,11,'1',1),
	(292,80,12,'01',1),
	(293,80,13,'ООО Газпромсвязьефтьололо',1),
	(294,80,14,'1',1),
	(295,80,15,'12341234',1),
	(296,80,16,'1',1),
	(297,80,17,'27-03-2014',1),
	(298,80,18,'27-03-2014',1),
	(299,80,19,'1234123',1),
	(300,80,20,'123412341234123',1),
	(301,80,21,'123412',1),
	(302,80,22,'длфыоварфыдлвоа',1),
	(303,80,23,'123412',1),
	(304,80,24,'фыдвлоафрывдлаофыва',1),
	(305,80,25,'2',1),
	(306,80,26,'2',1),
	(307,80,27,'27-03-2014',1),
	(308,80,28,'27-03-2014',1),
	(309,80,29,'27-03-2014',1),
	(310,80,30,'27-03-2014',1),
	(311,80,31,'27-03-2014',1),
	(312,80,32,'2',1),
	(313,80,33,'27-03-2014',1),
	(314,80,35,'27-03-2014',1),
	(315,80,36,'27-03-2014',1),
	(316,80,37,'ТЕРАПЕВТ',1),
	(317,80,38,'ЛОЖКИН',1),
	(318,80,39,'Пред ВК',1),
	(319,80,40,'ПОВАРЕШКИН АЯ',1),
	(320,80,42,'27-03-2014',1),
	(321,80,43,'27-03-2014',1),
	(322,80,44,'ТЕРАПЕВТ',1),
	(323,80,45,'ЛОЖКИН',1),
	(324,80,46,'Пред ВК',1),
	(325,80,49,'27-03-2014',1),
	(326,80,50,'27-03-2014',1),
	(327,80,51,'ТЕРАПЕВТ',1),
	(328,80,52,'ЛОЖКИН',1),
	(329,80,53,'Пред ВК',1),
	(330,80,54,'ПОВАРЕШКИН АЯ',1),
	(331,80,55,'27-03-2014',1),
	(332,80,56,'12',1),
	(333,80,57,'12121212',1),
	(334,80,58,'1234123412',1),
	(335,80,0,'999999999999',1),
	(336,80,1,'1',1),
	(337,80,2,'123412341234',1),
	(338,80,3,'ГБУЗ НПЦ ПСИХОНЕВРОЛОГИИ ДЗМ',1),
	(339,80,4,'МОСКВА ДОНСКАЯ 43',1),
	(340,80,5,'27-03-2014',1),
	(341,80,6,'1027739134422',1),
	(342,80,7,'Николаенко',1),
	(343,80,8,'Сидор',1),
	(344,80,9,'Дмитреевич',1),
	(345,80,10,'02-01-1992',1),
	(346,80,11,'1',1),
	(347,80,12,'01',1),
	(348,80,13,'ООО Газпромсвязьефтьололо',1),
	(349,80,14,'1',1),
	(350,80,15,'12341234',1),
	(351,80,16,'1',1),
	(352,80,17,'27-03-2014',1),
	(353,80,18,'27-03-2014',1),
	(354,80,19,'1234123',1),
	(355,80,20,'123412341234123',1),
	(356,80,21,'123412',1),
	(357,80,22,'длфыоварфыдлвоа',1),
	(358,80,23,'123412',1),
	(359,80,24,'фыдвлоафрывдлаофыва',1),
	(360,80,25,'1',1),
	(361,80,26,'2',1),
	(362,80,27,'27-03-2014',1),
	(363,80,28,'27-03-2014',1),
	(364,80,29,'27-03-2014',1),
	(365,80,30,'27-03-2014',1),
	(366,80,31,'27-03-2014',1),
	(367,80,32,'2',1),
	(368,80,33,'27-03-2014',1),
	(369,80,35,'27-03-2014',1),
	(370,80,36,'27-03-2014',1),
	(371,80,37,'ТЕРАПЕВТ',1),
	(372,80,38,'ЛОЖКИН',1),
	(373,80,39,'Пред ВК',1),
	(374,80,40,'ПОВАРЕШКИН АЯ',1),
	(375,80,42,'27-03-2014',1),
	(376,80,43,'27-03-2014',1),
	(377,80,44,'ТЕРАПЕВТ',1),
	(378,80,45,'ЛОЖКИН',1),
	(379,80,46,'Пред ВК',1),
	(380,80,47,'ПОВАРЕШКИН АЯ',1),
	(381,80,49,'27-03-2014',1),
	(382,80,50,'27-03-2014',1),
	(383,80,51,'ТЕРАПЕВТ',1),
	(384,80,52,'ЛОЖКИН',1),
	(385,80,53,'Пред ВК',1),
	(386,80,54,'ПОВАРЕШКИН АЯ',1),
	(387,80,55,'27-03-2014',1),
	(388,80,56,'12',1),
	(389,80,57,'12121212',1),
	(390,80,58,'1234123412',1),
	(391,80,0,'999999999999',1),
	(392,80,1,'1',1),
	(393,80,2,'123412341234',1),
	(394,80,3,'ГБУЗ НПЦ ПСИХОНЕВРОЛОГИИ ДЗМ',1),
	(395,80,4,'МОСКВА ДОНСКАЯ 43',1),
	(396,80,5,'27-03-2014',1),
	(397,80,6,'1027739134422',1),
	(398,80,7,'Николаенко',1),
	(399,80,8,'Сидор',1),
	(400,80,9,'Дмитреевич',1),
	(401,80,10,'02-01-1992',1),
	(402,80,11,'1',1),
	(403,80,12,'01',1),
	(404,80,13,'ООО Газпромсвязьефтьололо',1),
	(405,80,14,'1',1),
	(406,80,15,'12341234',1),
	(407,80,16,'2',1),
	(408,80,17,'27-03-2014',1),
	(409,80,18,'27-03-2014',1),
	(410,80,19,'1234123',1),
	(411,80,20,'123412341234123',1),
	(412,80,21,'123412',1),
	(413,80,22,'длфыоварфыдлвоа',1),
	(414,80,23,'123412',1),
	(415,80,24,'фыдвлоафрывдлаофыва',1),
	(416,80,25,'2',1),
	(417,80,26,'2',1),
	(418,80,27,'27-03-2014',1),
	(419,80,28,'27-03-2014',1),
	(420,80,29,'27-03-2014',1),
	(421,80,30,'27-03-2014',1),
	(422,80,31,'27-03-2014',1),
	(423,80,32,'2',1),
	(424,80,33,'27-03-2014',1),
	(425,80,35,'27-03-2014',1),
	(426,80,36,'27-03-2014',1),
	(427,80,37,'ТЕРАПЕВТ',1),
	(428,80,38,'ЛОЖКИН',1),
	(429,80,39,'Пред ВК',1),
	(430,80,40,'ПОВАРЕШКИН АЯ',1),
	(431,80,42,'27-03-2014',1),
	(432,80,43,'27-03-2014',1),
	(433,80,44,'ТЕРАПЕВТ',1),
	(434,80,45,'ЛОЖКИН',1),
	(435,80,46,'Пред ВК',1),
	(436,80,47,'ПОВАРЕШКИН АЯ',1),
	(437,80,49,'27-03-2014',1),
	(438,80,50,'27-03-2014',1),
	(439,80,51,'ТЕРАПЕВТ',1),
	(440,80,52,'ЛОЖКИН',1),
	(441,80,53,'Пред ВК',1),
	(442,80,54,'ПОВАРЕШКИН АЯ',1),
	(443,80,55,'27-03-2014',1),
	(444,80,56,'12',1),
	(445,80,57,'12121212',1),
	(446,80,58,'1234123412',1),
	(447,80,0,'999999999999',1),
	(448,80,1,'3',1),
	(449,80,2,'123412341234',1),
	(450,80,3,'ГБУЗ НПЦ ПСИХОНЕВРОЛОГИИ ДЗМ',1),
	(451,80,4,'МОСКВА ДОНСКАЯ 43',1),
	(452,80,5,'27-03-2014',1),
	(453,80,6,'1027739134422',1),
	(454,80,7,'Николаенко',1),
	(455,80,8,'Сидор',1),
	(456,80,9,'Дмитреевич',1),
	(457,80,10,'02-01-1992',1),
	(458,80,11,'1',1),
	(459,80,12,'01',1),
	(460,80,13,'ООО Газпромсвязьефтьололо',1),
	(461,80,14,'2',1),
	(462,80,15,'12341234',1),
	(463,80,16,'2',1),
	(464,80,17,'27-03-2014',1),
	(465,80,18,'27-03-2014',1),
	(466,80,19,'1234123',1),
	(467,80,20,'123412341234123',1),
	(468,80,21,'123412',1),
	(469,80,22,'длфыоварфыдлвоа',1),
	(470,80,23,'123412',1),
	(471,80,24,'фыдвлоафрывдлаофыва',1),
	(472,80,25,'3',1),
	(473,80,26,'2',1),
	(474,80,27,'27-03-2014',1),
	(475,80,28,'27-03-2014',1),
	(476,80,29,'27-03-2014',1),
	(477,80,30,'27-03-2014',1),
	(478,80,31,'27-03-2014',1),
	(479,80,32,'2',1),
	(480,80,33,'27-03-2014',1),
	(481,80,35,'27-03-2014',1),
	(482,80,36,'27-03-2014',1),
	(483,80,37,'ТЕРАПЕВТ',1),
	(484,80,38,'ЛОЖКИН',1),
	(485,80,39,'Пред ВК',1),
	(486,80,40,'ПОВАРЕШКИН АЯ',1),
	(487,80,42,'27-03-2014',1),
	(488,80,43,'27-03-2014',1),
	(489,80,44,'ТЕРАПЕВТ',1),
	(490,80,45,'ЛОЖКИН',1),
	(491,80,46,'Пред ВК',1),
	(492,80,47,'ПОВАРЕШКИН АЯ',1),
	(493,80,49,'27-03-2014',1),
	(494,80,50,'27-03-2014',1),
	(495,80,51,'ТЕРАПЕВТ',1),
	(496,80,52,'ЛОЖКИН',1),
	(497,80,53,'Пред ВК',1),
	(498,80,54,'ПОВАРЕШКИН АЯ',1),
	(499,80,55,'27-03-2014',1),
	(500,80,56,'12',1),
	(501,80,57,'12121212',1),
	(502,80,58,'1234123412',1),
	(503,80,0,'999999999999',1),
	(504,80,1,'3',1),
	(505,80,2,'123412341234',1),
	(506,80,3,'ГБУЗ НПЦ ПСИХОНЕВРОЛОГИИ ДЗМ',1),
	(507,80,4,'МОСКВА ДОНСКАЯ 43',1),
	(508,80,5,'27-03-2014',1),
	(509,80,6,'1027739134422',1),
	(510,80,7,'Николаенко',1),
	(511,80,8,'Сидор',1),
	(512,80,9,'Дмитреевич',1),
	(513,80,10,'02-01-1992',1),
	(514,80,11,'1',1),
	(515,80,12,'01',1),
	(516,80,13,'ООО Газпромсвязьефтьололо',1),
	(517,80,14,'2',1),
	(518,80,15,'12341234',1),
	(519,80,16,'2',1),
	(520,80,17,'27-03-2014',1),
	(521,80,18,'27-03-2014',1),
	(522,80,19,'1234123',1),
	(523,80,20,'123412341234123',1),
	(524,80,21,'123412',1),
	(525,80,22,'длфыоварфыдлвоа',1),
	(526,80,23,'123412',1),
	(527,80,24,'фыдвлоафрывдлаофыва',1),
	(528,80,25,'3',1),
	(529,80,26,'2',1),
	(530,80,27,'27-03-2014',1),
	(531,80,28,'27-03-2014',1),
	(532,80,29,'27-03-2014',1),
	(533,80,30,'27-03-2014',1),
	(534,80,31,'27-03-2014',1),
	(535,80,32,'2',1),
	(536,80,33,'27-03-2014',1),
	(537,80,35,'27-03-2014',1),
	(538,80,36,'27-03-2014',1),
	(539,80,37,'ТЕРАПЕВТ',1),
	(540,80,38,'ЛОЖКИН',1),
	(541,80,39,'Пред ВК',1),
	(542,80,40,'ПОВАРЕШКИН АЯ',1),
	(543,80,42,'27-03-2014',1),
	(544,80,43,'27-03-2014',1),
	(545,80,44,'ТЕРАПЕВТ',1),
	(546,80,45,'ЛОЖКИН',1),
	(547,80,46,'Пред ВК',1),
	(548,80,47,'ПОВАРЕШКИН АЯ',1),
	(549,80,49,'27-03-2014',1),
	(550,80,50,'27-03-2014',1),
	(551,80,51,'ТЕРАПЕВТ',1),
	(552,80,52,'ЛОЖКИН',1),
	(553,80,53,'Пред ВК',1),
	(554,80,54,'ПОВАРЕШКИН АЯ',1),
	(555,80,55,'27-03-2014',1),
	(556,80,56,'12',1),
	(557,80,57,'12121212',1),
	(558,80,58,'1234123412',1),
	(559,80,0,'999999999999',1),
	(560,80,1,'3',1),
	(561,80,2,'123412341234',1),
	(562,80,3,'ГБУЗ НПЦ ПСИХОНЕВРОЛОГИИ ДЗМ',1),
	(563,80,4,'МОСКВА ДОНСКАЯ 43',1),
	(564,80,5,'27-03-2014',1),
	(565,80,6,'1027739134422',1),
	(566,80,7,'Николаенко',1),
	(567,80,8,'Сидор',1),
	(568,80,9,'Дмитреевич',1),
	(569,80,10,'02-01-1992',1),
	(570,80,11,'1',1),
	(571,80,12,'01',1),
	(572,80,13,'ООО Газпромсвязьефтьололо',1),
	(573,80,14,'2',1),
	(574,80,15,'12341234',1),
	(575,80,16,'2',1),
	(576,80,17,'27-03-2014',1),
	(577,80,18,'27-03-2014',1),
	(578,80,19,'1234123',1),
	(579,80,20,'123412341234123',1),
	(580,80,21,'123412',1),
	(581,80,22,'длфыоварфыдлвоа',1),
	(582,80,23,'123412',1),
	(583,80,24,'фыдвлоафрывдлаофыва',1),
	(584,80,25,'3',1),
	(585,80,26,'2',1),
	(586,80,27,'27-03-2014',1),
	(587,80,28,'27-03-2014',1),
	(588,80,29,'27-03-2014',1),
	(589,80,30,'27-03-2014',1),
	(590,80,31,'27-03-2014',1),
	(591,80,32,'2',1),
	(592,80,33,'27-03-2014',1),
	(593,80,35,'27-03-2014',1),
	(594,80,36,'27-03-2014',1),
	(595,80,37,'ТЕРАПЕВТ',1),
	(596,80,38,'ЛОЖКИН',1),
	(597,80,39,'Пред ВК',1),
	(598,80,40,'ПОВАРЕШКИН АЯ',1),
	(599,80,42,'27-03-2014',1),
	(600,80,43,'27-03-2014',1),
	(601,80,44,'ТЕРАПЕВТ',1),
	(602,80,45,'ЛОЖКИН',1),
	(603,80,46,'Пред ВК',1),
	(604,80,47,'ПОВАРЕШКИН АЯ',1),
	(605,80,49,'27-03-2014',1),
	(606,80,50,'27-03-2014',1),
	(607,80,51,'ТЕРАПЕВТ',1),
	(608,80,52,'ЛОЖКИН',1),
	(609,80,53,'Пред ВК',1),
	(610,80,54,'ПОВАРЕШКИН АЯ',1),
	(611,80,55,'27-03-2014',1),
	(612,80,56,'12',1),
	(613,80,57,'12121212',1),
	(614,80,58,'1234123412',1),
	(615,80,0,'999999999999',1),
	(616,80,1,'3',1),
	(617,80,2,'123412341234',1),
	(618,80,3,'ГБУЗ НПЦ ПСИХОНЕВРОЛОГИИ ДЗМ',1),
	(619,80,4,'МОСКВА ДОНСКАЯ 43',1),
	(620,80,5,'27-03-2014',1),
	(621,80,6,'1027739134422',1),
	(622,80,7,'Николаенко',1),
	(623,80,8,'Сидор',1),
	(624,80,9,'Дмитреевич',1),
	(625,80,10,'02-01-1992',1),
	(626,80,11,'1',1),
	(627,80,12,'01',1),
	(628,80,13,'ООО Газпромсвязьефтьололо',1),
	(629,80,14,'2',1),
	(630,80,15,'12341234',1),
	(631,80,16,'2',1),
	(632,80,17,'27-03-2014',1),
	(633,80,18,'27-03-2014',1),
	(634,80,19,'1234123',1),
	(635,80,20,'123412341234123',1),
	(636,80,21,'123412',1),
	(637,80,22,'длфыоварфыдлвоа',1),
	(638,80,23,'123412',1),
	(639,80,24,'фыдвлоафрывдлаофыва',1),
	(640,80,25,'3',1),
	(641,80,26,'2',1),
	(642,80,27,'27-03-2014',1),
	(643,80,28,'27-03-2014',1),
	(644,80,29,'27-03-2014',1),
	(645,80,30,'27-03-2014',1),
	(646,80,31,'27-03-2014',1),
	(647,80,32,'2',1),
	(648,80,33,'27-03-2014',1),
	(649,80,35,'27-03-2014',1),
	(650,80,36,'27-03-2014',1),
	(651,80,37,'ТЕРАПЕВТ',1),
	(652,80,38,'ЛОЖКИН',1),
	(653,80,39,'Пред ВК',1),
	(654,80,40,'ПОВАРЕШКИН АЯ',1),
	(655,80,42,'27-03-2014',1),
	(656,80,43,'27-03-2014',1),
	(657,80,44,'ТЕРАПЕВТ',1),
	(658,80,45,'ЛОЖКИН',1),
	(659,80,46,'Пред ВК',1),
	(660,80,47,'ПОВАРЕШКИН АЯ',1),
	(661,80,49,'27-03-2014',1),
	(662,80,50,'27-03-2014',1),
	(663,80,51,'ТЕРАПЕВТ',1),
	(664,80,52,'ЛОЖКИН',1),
	(665,80,53,'Пред ВК',1),
	(666,80,54,'ПОВАРЕШКИН АЯ',1),
	(667,80,55,'27-03-2014',1),
	(668,80,56,'12',1),
	(669,80,57,'12121212',1),
	(670,80,58,'1234123412',1),
	(671,80,0,'999999999999',1),
	(672,80,1,'3',1),
	(673,80,2,'123412341234',1),
	(674,80,3,'ГБУЗ НПЦ ПСИХОНЕВРОЛОГИИ ДЗМ',1),
	(675,80,4,'МОСКВА ДОНСКАЯ 43',1),
	(676,80,5,'27-03-2014',1),
	(677,80,6,'1027739134422',1),
	(678,80,7,'Николаенко',1),
	(679,80,8,'Сидор',1),
	(680,80,9,'Дмитреевич',1),
	(681,80,10,'02-01-1992',1),
	(682,80,11,'1',1),
	(683,80,12,'01',1),
	(684,80,13,'ООО Газпромсвязьефтьололо',1),
	(685,80,14,'2',1),
	(686,80,15,'12341234',1),
	(687,80,16,'2',1),
	(688,80,17,'27-03-2014',1),
	(689,80,18,'27-03-2014',1),
	(690,80,19,'1234123',1),
	(691,80,20,'123412341234123',1),
	(692,80,21,'123412',1),
	(693,80,22,'длфыоварфыдлвоа',1),
	(694,80,23,'123412',1),
	(695,80,24,'фыдвлоафрывдлаофыва',1),
	(696,80,25,'3',1),
	(697,80,26,'2',1),
	(698,80,27,'27-03-2014',1),
	(699,80,28,'27-03-2014',1),
	(700,80,29,'27-03-2014',1),
	(701,80,30,'27-03-2014',1),
	(702,80,31,'27-03-2014',1),
	(703,80,32,'2',1),
	(704,80,33,'27-03-2014',1),
	(705,80,35,'27-03-2014',1),
	(706,80,36,'27-03-2014',1),
	(707,80,37,'ТЕРАПЕВТ',1),
	(708,80,38,'ЛОЖКИН',1),
	(709,80,39,'Пред ВК',1),
	(710,80,40,'ПОВАРЕШКИН АЯ',1),
	(711,80,42,'27-03-2014',1),
	(712,80,43,'27-03-2014',1),
	(713,80,44,'ТЕРАПЕВТ',1),
	(714,80,45,'ЛОЖКИН',1),
	(715,80,46,'Пред ВК',1),
	(716,80,47,'ПОВАРЕШКИН АЯ',1),
	(717,80,49,'27-03-2014',1),
	(718,80,50,'27-03-2014',1),
	(719,80,51,'ТЕРАПЕВТ',1),
	(720,80,52,'ЛОЖКИН',1),
	(721,80,53,'Пред ВК',1),
	(722,80,54,'ПОВАРЕШКИН АЯ',1),
	(723,80,55,'27-03-2014',1),
	(724,80,56,'12',1),
	(725,80,57,'12121212',1),
	(726,80,58,'1234123412',1),
	(727,80,0,'999999999999',1),
	(728,80,1,'3',1),
	(729,80,2,'123412341234',1),
	(730,80,3,'ГБУЗ НПЦ ПСИХОНЕВРОЛОГИИ ДЗМ',1),
	(731,80,4,'МОСКВА ДОНСКАЯ 43',1),
	(732,80,5,'27-03-2014',1),
	(733,80,6,'1027739134422',1),
	(734,80,7,'Николаенко',1),
	(735,80,8,'Сидор',1),
	(736,80,9,'Дмитреевич',1),
	(737,80,10,'02-01-1992',1),
	(738,80,11,'1',1),
	(739,80,12,'01',1),
	(740,80,13,'ООО Газпромсвязьефтьололо',1),
	(741,80,14,'2',1),
	(742,80,15,'12341234',1),
	(743,80,16,'2',1),
	(744,80,17,'27-03-2014',1),
	(745,80,18,'27-03-2014',1),
	(746,80,19,'1234123',1),
	(747,80,20,'123412341234123',1),
	(748,80,21,'123412',1),
	(749,80,22,'длфыоварфыдлвоа',1),
	(750,80,23,'123412',1),
	(751,80,24,'фыдвлоафрывдлаофыва',1),
	(752,80,25,'3',1),
	(753,80,26,'2',1),
	(754,80,27,'27-03-2014',1),
	(755,80,28,'27-03-2014',1),
	(756,80,29,'27-03-2014',1),
	(757,80,30,'27-03-2014',1),
	(758,80,31,'27-03-2014',1),
	(759,80,32,'2',1),
	(760,80,33,'27-03-2014',1),
	(761,80,35,'27-03-2014',1),
	(762,80,36,'27-03-2014',1),
	(763,80,37,'ТЕРАПЕВТ',1),
	(764,80,38,'ЛОЖКИН',1),
	(765,80,39,'Пред ВК',1),
	(766,80,40,'ПОВАРЕШКИН АЯ',1),
	(767,80,42,'27-03-2014',1),
	(768,80,43,'27-03-2014',1),
	(769,80,44,'ТЕРАПЕВТ',1),
	(770,80,45,'ЛОЖКИН',1),
	(771,80,46,'Пред ВК',1),
	(772,80,47,'ПОВАРЕШКИН АЯ',1),
	(773,80,49,'27-03-2014',1),
	(774,80,50,'27-03-2014',1),
	(775,80,51,'ТЕРАПЕВТ',1),
	(776,80,52,'ЛОЖКИН',1),
	(777,80,53,'Пред ВК',1),
	(778,80,54,'ПОВАРЕШКИН АЯ',1),
	(779,80,55,'27-03-2014',1),
	(780,80,56,'12',1),
	(781,80,57,'12121212',1),
	(782,80,58,'1234123412',1),
	(783,80,0,'999999999999',1),
	(784,80,1,'1',1),
	(785,80,2,'123412341234',1),
	(786,80,3,'ГБУЗ НПЦ ПСИХОНЕВРОЛОГИИ ДЗМ',1),
	(787,80,4,'МОСКВА ДОНСКАЯ 43',1),
	(788,80,5,'27-03-2014',1),
	(789,80,6,'1027739134422',1),
	(790,80,7,'Николаенко',1),
	(791,80,8,'Сидор',1),
	(792,80,9,'Дмитреевич',1),
	(793,80,10,'02-01-1992',1),
	(794,80,11,'1',1),
	(795,80,12,'01',1),
	(796,80,13,'ООО Газпромсвязьефтьололо',1),
	(797,80,14,'2',1),
	(798,80,15,'12341234',1),
	(799,80,16,'2',1),
	(800,80,17,'27-03-2014',1),
	(801,80,18,'27-03-2014',1),
	(802,80,19,'1234123',1),
	(803,80,20,'123412341234123',1),
	(804,80,21,'123412',1),
	(805,80,22,'длфыоварфыдлвоа',1),
	(806,80,23,'123412',1),
	(807,80,24,'фыдвлоафрывдлаофыва',1),
	(808,80,25,'3',1),
	(809,80,26,'2',1),
	(810,80,27,'27-03-2014',1),
	(811,80,28,'27-03-2014',1),
	(812,80,29,'27-03-2014',1),
	(813,80,30,'27-03-2014',1),
	(814,80,31,'27-03-2014',1),
	(815,80,32,'2',1),
	(816,80,33,'27-03-2014',1),
	(817,80,35,'27-03-2014',1),
	(818,80,36,'27-03-2014',1),
	(819,80,37,'ТЕРАПЕВТ',1),
	(820,80,38,'ЛОЖКИН',1),
	(821,80,39,'Пред ВК',1),
	(822,80,40,'ПОВАРЕШКИН АЯ',1),
	(823,80,42,'27-03-2014',1),
	(824,80,43,'27-03-2014',1),
	(825,80,44,'ТЕРАПЕВТ',1),
	(826,80,45,'ЛОЖКИН',1),
	(827,80,46,'Пред ВК',1),
	(828,80,47,'ПОВАРЕШКИН АЯ',1),
	(829,80,49,'27-03-2014',1),
	(830,80,50,'27-03-2014',1),
	(831,80,51,'ТЕРАПЕВТ',1),
	(832,80,52,'ЛОЖКИН',1),
	(833,80,53,'Пред ВК',1),
	(834,80,54,'ПОВАРЕШКИН АЯ',1),
	(835,80,55,'27-03-2014',1),
	(836,80,56,'12',1),
	(837,80,57,'12121212',1),
	(838,80,58,'1234123412',1),
	(839,80,0,'999999999999',1),
	(840,80,1,'1',1),
	(841,80,2,'123412341234',1),
	(842,80,3,'ГБУЗ НПЦ ПСИХОНЕВРОЛОГИИ ДЗМ',1),
	(843,80,4,'МОСКВА ДОНСКАЯ 43',1),
	(844,80,5,'27-03-2014',1),
	(845,80,6,'1027739134422',1),
	(846,80,7,'Николаенко',1),
	(847,80,8,'Сидор',1),
	(848,80,9,'Дмитреевич',1),
	(849,80,10,'02-01-1992',1),
	(850,80,11,'1',1),
	(851,80,12,'01',1),
	(852,80,13,'ООО Газпромсвязьефтьололо',1),
	(853,80,14,'2',1),
	(854,80,15,'12341234',1),
	(855,80,16,'2',1),
	(856,80,17,'27-03-2014',1),
	(857,80,18,'27-03-2014',1),
	(858,80,19,'1234123',1),
	(859,80,20,'123412341234123',1),
	(860,80,21,'123412',1),
	(861,80,22,'длфыоварфыдлвоа',1),
	(862,80,23,'123412',1),
	(863,80,24,'фыдвлоафрывдлаофыва',1),
	(864,80,25,'3',1),
	(865,80,26,'2',1),
	(866,80,27,'27-03-2014',1),
	(867,80,28,'27-03-2014',1),
	(868,80,29,'27-03-2014',1),
	(869,80,30,'27-03-2014',1),
	(870,80,31,'27-03-2014',1),
	(871,80,32,'2',1),
	(872,80,33,'27-03-2014',1),
	(873,80,35,'27-03-2014',1),
	(874,80,36,'27-03-2014',1),
	(875,80,37,'ТЕРАПЕВТ',1),
	(876,80,38,'ЛОЖКИН',1),
	(877,80,39,'Пред ВК',1),
	(878,80,40,'ПОВАРЕШКИН АЯ',1),
	(879,80,42,'27-03-2014',1),
	(880,80,43,'27-03-2014',1),
	(881,80,44,'ТЕРАПЕВТ',1),
	(882,80,45,'ЛОЖКИН',1),
	(883,80,46,'Пред ВК',1),
	(884,80,47,'ПОВАРЕШКИН АЯ',1),
	(885,80,49,'27-03-2014',1),
	(886,80,50,'27-03-2014',1),
	(887,80,51,'ТЕРАПЕВТ',1),
	(888,80,52,'ЛОЖКИН',1),
	(889,80,53,'Пред ВК',1),
	(890,80,54,'ПОВАРЕШКИН АЯ',1),
	(891,80,55,'27-03-2014',1),
	(892,80,56,'12',1),
	(893,80,57,'12121212',1),
	(894,80,58,'1234123412',1),
	(895,80,0,'999999999999',1),
	(896,80,1,'1',1),
	(897,80,2,'123412341234',1),
	(898,80,3,'ГБУЗ НПЦ ПСИХОНЕВРОЛОГИИ ДЗМ',1),
	(899,80,4,'МОСКВА ДОНСКАЯ 43',1),
	(900,80,5,'27-03-2014',1),
	(901,80,6,'1027739134422',1),
	(902,80,7,'Николаенко',1),
	(903,80,8,'Сидор',1),
	(904,80,9,'Дмитреевич',1),
	(905,80,10,'02-01-1992',1),
	(906,80,11,'1',1),
	(907,80,12,'01',1),
	(908,80,13,'ООО Газпромсвязьефтьололо',1),
	(909,80,14,'2',1),
	(910,80,15,'12341234',1),
	(911,80,16,'2',1),
	(912,80,17,'27-03-2014',1),
	(913,80,18,'27-03-2014',1),
	(914,80,19,'1234123',1),
	(915,80,20,'123412341234123',1),
	(916,80,21,'123412',1),
	(917,80,22,'длфыоварфыдлвоа',1),
	(918,80,23,'123412',1),
	(919,80,24,'фыдвлоафрывдлаофыва',1),
	(920,80,25,'3',1),
	(921,80,26,'2',1),
	(922,80,27,'27-03-2014',1),
	(923,80,28,'27-03-2014',1),
	(924,80,29,'27-03-2014',1),
	(925,80,30,'27-03-2014',1),
	(926,80,31,'27-03-2014',1),
	(927,80,32,'2',1),
	(928,80,33,'27-03-2014',1),
	(929,80,35,'27-03-2014',1),
	(930,80,36,'27-03-2014',1),
	(931,80,37,'ТЕРАПЕВТ',1),
	(932,80,38,'ЛОЖКИН',1),
	(933,80,39,'Пред ВК',1),
	(934,80,40,'ПОВАРЕШКИН АЯ',1),
	(935,80,42,'27-03-2014',1),
	(936,80,43,'27-03-2014',1),
	(937,80,44,'ТЕРАПЕВТ',1),
	(938,80,45,'ЛОЖКИН',1),
	(939,80,46,'Пред ВК',1),
	(940,80,47,'ПОВАРЕШКИН АЯ',1),
	(941,80,49,'27-03-2014',1),
	(942,80,50,'27-03-2014',1),
	(943,80,51,'ТЕРАПЕВТ',1),
	(944,80,52,'ЛОЖКИН',1),
	(945,80,53,'Пред ВК',1),
	(946,80,54,'ПОВАРЕШКИН АЯ',1),
	(947,80,55,'27-03-2014',1),
	(948,80,56,'12',1),
	(949,80,57,'12121212',1),
	(950,80,58,'1234123412',1),
	(951,81,3,'ГБУЗ НПЦ ПСИХОНЕВРОЛОГИИ ДЗМ',0),
	(952,81,4,'МОСКВА ДОНСКАЯ 43',0),
	(953,81,6,'1027739134422',0),
	(954,81,5,'curdate()',0),
	(955,81,12,'01',0),
	(956,82,3,'ГБУЗ НПЦ ПСИХОНЕВРОЛОГИИ ДЗМ',0),
	(957,82,4,'МОСКВА ДОНСКАЯ 43',0),
	(958,82,6,'1027739134422',0),
	(959,82,5,'curdate()',0),
	(960,82,12,'01',0),
	(961,83,3,'ГБУЗ НПЦ ПСИХОНЕВРОЛОГИИ ДЗМ',0),
	(962,83,4,'МОСКВА ДОНСКАЯ 43',0),
	(963,83,6,'1027739134422',0),
	(964,83,5,'curdate()',0),
	(965,83,12,'01',0),
	(966,84,3,'ГБУЗ НПЦ ПСИХОНЕВРОЛОГИИ ДЗМ',0),
	(967,84,4,'МОСКВА ДОНСКАЯ 43',0),
	(968,84,6,'1027739134422',0),
	(969,84,5,'curdate()',0),
	(970,84,12,'01',0),
	(971,80,0,'999999999999',1),
	(972,80,1,'1',1),
	(973,80,2,'123412341234',1),
	(974,80,3,'ГБУЗ НПЦ ПСИХОНЕВРОЛОГИИ ДЗМ',1),
	(975,80,4,'МОСКВА ДОНСКАЯ 43',1),
	(976,80,5,'27-03-2014',1),
	(977,80,6,'1027739134422',1),
	(978,80,7,'Николаенко',1),
	(979,80,8,'Сидор',1),
	(980,80,9,'Дмитреевич',1),
	(981,80,10,'02-01-1992',1),
	(982,80,11,'1',1),
	(983,80,12,'01',1),
	(984,80,13,'ООО Газпромсвязьефтьололо',1),
	(985,80,14,'2',1),
	(986,80,15,'12341234',1),
	(987,80,16,'2',1),
	(988,80,17,'27-03-2014',1),
	(989,80,18,'27-03-2014',1),
	(990,80,19,'1234123',1),
	(991,80,20,'123412341234123',1),
	(992,80,21,'123412',1),
	(993,80,22,'длфыоварфыдлвоа',1),
	(994,80,23,'123412',1),
	(995,80,24,'фыдвлоафрывдлаофыва',1),
	(996,80,25,'3',1),
	(997,80,26,'2',1),
	(998,80,27,'27-03-2014',1),
	(999,80,28,'27-03-2014',1),
	(1000,80,29,'27-03-2014',1),
	(1001,80,30,'27-03-2014',1),
	(1002,80,31,'27-03-2014',1),
	(1003,80,32,'2',1),
	(1004,80,33,'27-03-2014',1),
	(1005,80,35,'27-03-2014',1),
	(1006,80,36,'27-03-2014',1),
	(1007,80,37,'ТЕРАПЕВТ',1),
	(1008,80,38,'ЛОЖКИН',1),
	(1009,80,39,'Пред ВК',1),
	(1010,80,40,'ПОВАРЕШКИН АЯ',1),
	(1011,80,42,'27-03-2014',1),
	(1012,80,43,'27-03-2014',1),
	(1013,80,44,'ТЕРАПЕВТ',1),
	(1014,80,45,'ЛОЖКИН',1),
	(1015,80,46,'Пред ВК',1),
	(1016,80,47,'ПОВАРЕШКИН АЯ',1),
	(1017,80,49,'27-03-2014',1),
	(1018,80,50,'27-03-2014',1),
	(1019,80,51,'ТЕРАПЕВТ',1),
	(1020,80,52,'ЛОЖКИН',1),
	(1021,80,53,'Пред ВК',1),
	(1022,80,54,'ПОВАРЕШКИН АЯ',1),
	(1023,80,55,'27-03-2014',1),
	(1024,80,56,'12',1),
	(1025,80,57,'12121212',1),
	(1026,80,58,'1234123412',1),
	(1027,80,0,'999999999999',1),
	(1028,80,1,'1',1),
	(1029,80,2,'123412341234',1),
	(1030,80,3,'ГБУЗ НПЦ ПСИХОНЕВРОЛОГИИ ДЗМ',1),
	(1031,80,4,'МОСКВА ДОНСКАЯ 43',1),
	(1032,80,5,'27-03-2014',1),
	(1033,80,6,'1027739134422',1),
	(1034,80,7,'Нххххххнко',1),
	(1035,80,8,'Сххор',1),
	(1036,80,9,'Дхххххххич',1),
	(1037,80,10,'02-01-1992',1),
	(1038,80,11,'1',1),
	(1039,80,12,'01',1),
	(1040,80,13,'ООО Газпромсвязьефтьололо',1),
	(1041,80,14,'2',1),
	(1042,80,15,'12341234',1),
	(1043,80,16,'2',1),
	(1044,80,17,'27-03-2014',1),
	(1045,80,18,'27-03-2014',1),
	(1046,80,19,'1234123',1),
	(1047,80,20,'123412341234123',1),
	(1048,80,21,'123412',1),
	(1049,80,22,'длфыоварфыдлвоа',1),
	(1050,80,23,'123412',1),
	(1051,80,24,'фыдвлоафрывдлаофыва',1),
	(1052,80,25,'3',1),
	(1053,80,26,'2',1),
	(1054,80,27,'27-03-2014',1),
	(1055,80,28,'27-03-2014',1),
	(1056,80,29,'27-03-2014',1),
	(1057,80,30,'27-03-2014',1),
	(1058,80,31,'27-03-2014',1),
	(1059,80,32,'2',1),
	(1060,80,33,'27-03-2014',1),
	(1061,80,35,'27-03-2014',1),
	(1062,80,36,'27-03-2014',1),
	(1063,80,37,'ТЕРАПЕВТ',1),
	(1064,80,38,'ЛОЖКИН',1),
	(1065,80,39,'Пред ВК',1),
	(1066,80,40,'ПОВАРЕШКИН АЯ',1),
	(1067,80,42,'27-03-2014',1),
	(1068,80,43,'27-03-2014',1),
	(1069,80,44,'ТЕРАПЕВТ',1),
	(1070,80,45,'ЛОЖКИН',1),
	(1071,80,46,'Пред ВК',1),
	(1072,80,47,'ПОВАРЕШКИН АЯ',1),
	(1073,80,49,'27-03-2014',1),
	(1074,80,50,'27-03-2014',1),
	(1075,80,51,'ТЕРАПЕВТ',1),
	(1076,80,52,'ЛОЖКИН',1),
	(1077,80,53,'Пред ВК',1),
	(1078,80,54,'ПОВАРЕШКИН АЯ',1),
	(1079,80,55,'27-03-2014',1),
	(1080,80,56,'12',1),
	(1081,80,57,'12121212',1),
	(1082,80,58,'1234123412',1),
	(1083,80,0,'999999999999',1),
	(1084,80,1,'1',1),
	(1085,80,2,'123412341234',1),
	(1086,80,3,'ГБУЗ НПЦ ПСИХОНЕВРОЛОГИИ ДЗМ',1),
	(1087,80,4,'МОСКВА ДОНСКАЯ 43',1),
	(1088,80,5,'27-03-2014',1),
	(1089,80,6,'1027739134422',1),
	(1090,80,7,'Нххххххнко',1),
	(1091,80,8,'Сххор',1),
	(1092,80,9,'Дмитриевич',1),
	(1093,80,10,'02-01-1992',1),
	(1094,80,11,'1',1),
	(1095,80,12,'01',1),
	(1096,80,13,'ООО Газпромсвязьефтьололо',1),
	(1097,80,14,'2',1),
	(1098,80,15,'12341234',1),
	(1099,80,16,'2',1),
	(1100,80,17,'27-03-2014',1),
	(1101,80,18,'27-03-2014',1),
	(1102,80,19,'1234123',1),
	(1103,80,20,'123412341234123',1),
	(1104,80,21,'123412',1),
	(1105,80,22,'длфыоварфыдлвоа',1),
	(1106,80,23,'123412',1),
	(1107,80,24,'фыдвлоафрывдлаофыва',1),
	(1108,80,25,'3',1),
	(1109,80,26,'2',1),
	(1110,80,27,'27-03-2014',1),
	(1111,80,28,'27-03-2014',1),
	(1112,80,29,'27-03-2014',1),
	(1113,80,30,'27-03-2014',1),
	(1114,80,31,'27-03-2014',1),
	(1115,80,32,'2',1),
	(1116,80,33,'27-03-2014',1),
	(1117,80,35,'27-03-2014',1),
	(1118,80,36,'27-03-2014',1),
	(1119,80,37,'ТЕРАПЕВТ',1),
	(1120,80,38,'ЛОЖКИН',1),
	(1121,80,39,'Пред ВК',1),
	(1122,80,40,'ПОВАРЕШКИН АЯ',1),
	(1123,80,42,'27-03-2014',1),
	(1124,80,43,'27-03-2014',1),
	(1125,80,44,'ТЕРАПЕВТ',1),
	(1126,80,45,'ЛОЖКИН',1),
	(1127,80,46,'Пред ВК',1),
	(1128,80,47,'ПОВАРЕШКИН АЯ',1),
	(1129,80,49,'27-03-2014',1),
	(1130,80,50,'27-03-2014',1),
	(1131,80,51,'ТЕРАПЕВТ',1),
	(1132,80,52,'ЛОЖКИН',1),
	(1133,80,53,'Пред ВК',1),
	(1134,80,54,'ПОВАРЕШКИН АЯ',1),
	(1135,80,55,'27-03-2014',1),
	(1136,80,56,'12',1),
	(1137,80,57,'12121212',1),
	(1138,80,58,'1234123412',1),
	(1139,80,0,'999999999999',1),
	(1140,80,1,'1',1),
	(1141,80,2,'123412341234',1),
	(1142,80,3,'ГБУЗ НПЦ ПСИХОНЕВРОЛОГИИ ДЗМ',1),
	(1143,80,4,'МОСКВА ДОНСКАЯ 43',1),
	(1144,80,5,'27-03-2014',1),
	(1145,80,6,'1027739134422',1),
	(1146,80,7,'Нххххххнко',1),
	(1147,80,8,'Сххор',1),
	(1148,80,9,'Дххххххххич',1),
	(1149,80,10,'02-01-1992',1),
	(1150,80,11,'1',1),
	(1151,80,12,'01',1),
	(1152,80,13,'ООО Газпромсвязьефтьололо',1),
	(1153,80,14,'2',1),
	(1154,80,15,'12341234',1),
	(1155,80,16,'2',1),
	(1156,80,17,'27-03-2014',1),
	(1157,80,18,'27-03-2014',1),
	(1158,80,19,'1234123',1),
	(1159,80,20,'123412341234123',1),
	(1160,80,21,'123412',1),
	(1161,80,22,'длфыоварфыдлвоа',1),
	(1162,80,23,'123412',1),
	(1163,80,24,'фыдвлоафрывдлаофыва',1),
	(1164,80,25,'3',1),
	(1165,80,26,'2',1),
	(1166,80,27,'27-03-2014',1),
	(1167,80,28,'27-03-2014',1),
	(1168,80,29,'27-03-2014',1),
	(1169,80,30,'27-03-2014',1),
	(1170,80,31,'27-03-2014',1),
	(1171,80,32,'2',1),
	(1172,80,33,'27-03-2014',1),
	(1173,80,35,'27-03-2014',1),
	(1174,80,36,'27-03-2014',1),
	(1175,80,37,'ТЕРАПЕВТ',1),
	(1176,80,38,'ЛОЖКИН',1),
	(1177,80,39,'Пред ВК',1),
	(1178,80,40,'ПОВАРЕШКИН АЯ',1),
	(1179,80,42,'27-03-2014',1),
	(1180,80,43,'27-03-2014',1),
	(1181,80,44,'ТЕРАПЕВТ',1),
	(1182,80,45,'ЛОЖКИН',1),
	(1183,80,46,'Пред ВК',1),
	(1184,80,47,'ПОВАРЕШКИН АЯ',1),
	(1185,80,49,'27-03-2014',1),
	(1186,80,50,'27-03-2014',1),
	(1187,80,51,'ТЕРАПЕВТ',1),
	(1188,80,52,'ЛОЖКИН',1),
	(1189,80,53,'Пред ВК',1),
	(1190,80,54,'ПОВАРЕШКИН АЯ',1),
	(1191,80,55,'27-03-2014',1),
	(1192,80,56,'12',1),
	(1193,80,57,'12121212',1),
	(1194,80,58,'1234123412',1),
	(1195,72,0,'123412341234',1),
	(1196,72,1,'1',1),
	(1197,72,3,'ГБУЗ НПЦ ПСИХОНЕВРОЛОГИИ ДЗМ',1),
	(1198,72,4,'МОСКВА ДОНСКАЯ 43',1),
	(1199,72,5,'curdate()',1),
	(1200,72,6,'1027739134422',1),
	(1201,72,7,'Нххкин',1),
	(1202,72,8,'Нххххай',1),
	(1203,72,9,'Вхххххххвич',1),
	(1204,72,11,'1',1),
	(1205,72,14,'1',1),
	(1206,72,16,'1',1),
	(1207,72,25,'1',1),
	(1208,72,58,'2223322',1),
	(1209,71,0,'134134134135',1),
	(1210,71,1,'1',1),
	(1211,71,3,'ГБУЗ НПЦ ПСИХОНЕВРОЛОГИИ ДЗМ',1),
	(1212,71,4,'МОСКВА ДОНСКАЯ 43',1),
	(1213,71,5,'curdate()',1),
	(1214,71,6,'1027739134422',1),
	(1215,71,7,'Сххххххов',1),
	(1216,71,8,'Вхххххий',1),
	(1217,71,9,'Пхххххххич',1),
	(1218,71,11,'1',1),
	(1219,71,14,'1',1),
	(1220,71,16,'1',1),
	(1221,71,25,'1',1),
	(1222,71,58,'123456789',1),
	(1223,72,0,'123412341234',1),
	(1224,72,1,'1',1),
	(1225,72,3,'ГБУЗ НПЦ ПСИХОНЕВРОЛОГИИ ДЗМ',1),
	(1226,72,4,'МОСКВА ДОНСКАЯ 43',1),
	(1227,72,5,'curdate()',1),
	(1228,72,6,'1027739134422',1),
	(1229,72,7,'Нххкин',1),
	(1230,72,8,'Нххххай',1),
	(1231,72,9,'Викторович',1),
	(1232,72,11,'1',1),
	(1233,72,14,'1',1),
	(1234,72,16,'1',1),
	(1235,72,25,'1',1),
	(1236,72,58,'2223322',1),
	(1237,72,0,'123412341234',1),
	(1238,72,1,'1',1),
	(1239,72,3,'ГБУЗ НПЦ ПСИХОНЕВРОЛОГИИ ДЗМ',1),
	(1240,72,4,'МОСКВА ДОНСКАЯ 43',1),
	(1241,72,5,'curdate()',1),
	(1242,72,6,'1027739134422',1),
	(1243,72,7,'Нххкин',1),
	(1244,72,8,'Нххххай',1),
	(1245,72,9,'Викторович',1),
	(1246,72,11,'1',1),
	(1247,72,14,'1',1),
	(1248,72,16,'1',1),
	(1249,72,25,'1',1),
	(1250,72,58,'2223322',1),
	(1251,71,0,'134134134135',0),
	(1252,71,1,'1',0),
	(1253,71,3,'ГБУЗ НПЦ ПСИХОНЕВРОЛОГИИ ДЗМ',0),
	(1254,71,4,'МОСКВА ДОНСКАЯ 43',0),
	(1255,71,5,'curdate()',0),
	(1256,71,6,'1027739134422',0),
	(1257,71,7,'Сххххххов',0),
	(1258,71,8,'Вхххххий',0),
	(1259,71,9,'Пхххххххич',0),
	(1260,71,10,'03-02-2015',0),
	(1261,71,11,'1',0),
	(1262,71,12,'q',0),
	(1263,71,13,'q',0),
	(1264,71,14,'1',0),
	(1265,71,15,'q',0),
	(1266,71,16,'1',0),
	(1267,71,17,'11-02-2015',0),
	(1268,71,18,'11-02-2015',0),
	(1269,71,19,'q',0),
	(1270,71,20,'q',0),
	(1271,71,21,'q',0),
	(1272,71,22,'q',0),
	(1273,71,23,'q',0),
	(1274,71,25,'2',0),
	(1275,71,26,'q',0),
	(1276,71,27,'11-02-2015',0),
	(1277,71,28,'19-02-2015',0),
	(1278,71,29,'13-02-2015',0),
	(1279,71,30,'06-02-2015',0),
	(1280,71,31,'14-02-2015',0),
	(1281,71,32,'q',0),
	(1282,71,33,'05-02-2015',0),
	(1283,71,35,'11-02-2015',0),
	(1284,71,58,'123456789',0),
	(1285,80,0,'999999999999',0),
	(1286,80,1,'1',0),
	(1287,80,2,'123412341234',0),
	(1288,80,3,'ГБУЗ НПЦ ПСИХОНЕВРОЛОГИИ ДЗМ',0),
	(1289,80,4,'МОСКВА ДОНСКАЯ 43',0),
	(1290,80,5,'27-03-2014',0),
	(1291,80,6,'1027739134422',0),
	(1292,80,7,'Нххххххнко',0),
	(1293,80,8,'Сххор',0),
	(1294,80,9,'Дххххххххич',0),
	(1295,80,10,'02-01-1992',0),
	(1296,80,11,'1',0),
	(1297,80,12,'01',0),
	(1298,80,13,'ООО Газпромсвязьефтьололо',0),
	(1299,80,14,'2',0),
	(1300,80,15,'12341234',0),
	(1301,80,16,'2',0),
	(1302,80,17,'27-03-2014',0),
	(1303,80,18,'27-03-2014',0),
	(1304,80,19,'1234123',0),
	(1305,80,20,'123412341234123',0),
	(1306,80,21,'123412',0),
	(1307,80,22,'длфыоварфыдлвоа',0),
	(1308,80,23,'123412',0),
	(1309,80,24,'фыдвлоафрывдлаофыва',0),
	(1310,80,25,'3',0),
	(1311,80,26,'2',0),
	(1312,80,27,'27-03-2014',0),
	(1313,80,28,'27-03-2014',0),
	(1314,80,29,'27-03-2014',0),
	(1315,80,30,'27-03-2014',0),
	(1316,80,31,'27-03-2014',0),
	(1317,80,32,'2',0),
	(1318,80,33,'27-03-2014',0),
	(1319,80,35,'27-03-2014',0),
	(1320,80,36,'27-03-2014',0),
	(1321,80,37,'ТЕРАПЕВТ',0),
	(1322,80,38,'ЛОЖКИН',0),
	(1323,80,39,'Пред ВК',0),
	(1324,80,40,'ПОВАРЕШКИН АЯ',0),
	(1325,80,42,'27-03-2014',0),
	(1326,80,43,'27-03-2014',0),
	(1327,80,44,'ТЕРАПЕВТ',0),
	(1328,80,45,'ЛОЖКИН',0),
	(1329,80,46,'Пред ВК',0),
	(1330,80,47,'ПОВАРЕШКИН АЯ',0),
	(1331,80,49,'27-03-2014',0),
	(1332,80,50,'27-03-2014',0),
	(1333,80,51,'ТЕРАПЕВТ',0),
	(1334,80,52,'ЛОЖКИН',0),
	(1335,80,53,'Пред ВК',0),
	(1336,80,54,'ПОВАРЕШКИН АЯ',0),
	(1337,80,55,'27-03-2014',0),
	(1338,80,56,'12',0),
	(1339,80,57,'12121212',0),
	(1340,80,58,'1234123412',0),
	(1341,72,0,'123412341234',0),
	(1342,72,1,'1',0),
	(1343,72,3,'ГБУЗ НПЦ ПСИХОНЕВРОЛОГИИ ДЗМ',0),
	(1344,72,4,'МОСКВА ДОНСКАЯ 43',0),
	(1345,72,5,'curdate()',0),
	(1346,72,6,'1027739134422',0),
	(1347,72,7,'Нххкин',0),
	(1348,72,8,'Нххххай',0),
	(1349,72,9,'Викторович',0),
	(1350,72,11,'1',0),
	(1351,72,14,'1',0),
	(1352,72,16,'1',0),
	(1353,72,25,'1',0),
	(1354,72,58,'2223322',0),
	(1355,85,3,'ГБУЗ НПЦ ПСИХОНЕВРОЛОГИИ ДЗМ',0),
	(1356,85,4,'МОСКВА ДОНСКАЯ 43',0),
	(1357,85,6,'1027739134422',0),
	(1358,85,5,'curdate()',0),
	(1359,85,12,'01',0),
	(1360,86,3,'ГБУЗ НПЦ ПСИХОНЕВРОЛОГИИ ДЗМ',0),
	(1361,86,4,'МОСКВА ДОНСКАЯ 43',0),
	(1362,86,6,'1027739134422',0),
	(1363,86,5,'curdate()',0),
	(1364,86,12,'01',0),
	(1365,87,3,'ГБУЗ НПЦ ПСИХОНЕВРОЛОГИИ ДЗМ',0),
	(1366,87,4,'МОСКВА ДОНСКАЯ 43',0),
	(1367,87,6,'1027739134422',0),
	(1368,87,5,'curdate()',0),
	(1369,87,12,'01',0),
	(1370,88,3,'ГБУЗ НПЦ ПСИХОНЕВРОЛОГИИ ДЗМ',0),
	(1371,88,4,'МОСКВА ДОНСКАЯ 43',0),
	(1372,88,6,'1027739134422',0),
	(1373,88,5,'curdate()',0),
	(1374,88,12,'01',0),
	(1375,89,3,'ГБУЗ НПЦ ПСИХОНЕВРОЛОГИИ ДЗМ',0),
	(1376,89,4,'МОСКВА ДОНСКАЯ 43',0),
	(1377,89,6,'1027739134422',0),
	(1378,89,5,'curdate()',0),
	(1379,89,12,'01',0),
	(1380,90,3,'ГБУЗ НПЦ ПСИХОНЕВРОЛОГИИ ДЗМ',0),
	(1381,90,4,'МОСКВА ДОНСКАЯ 43',0),
	(1382,90,6,'1027739134422',0),
	(1383,90,5,'curdate()',0),
	(1384,90,12,'01',0),
	(1385,91,3,'ГБУЗ НПЦ ПСИХОНЕВРОЛОГИИ ДЗМ',0),
	(1386,91,4,'МОСКВА ДОНСКАЯ 43',0),
	(1387,91,6,'1027739134422',0),
	(1388,91,5,'curdate()',0),
	(1389,91,12,'01',0),
	(1390,92,3,'ГБУЗ НПЦ ПСИХОНЕВРОЛОГИИ ДЗМ',0),
	(1391,92,4,'МОСКВА ДОНСКАЯ 43',0),
	(1392,92,6,'1027739134422',0),
	(1393,92,5,'curdate()',0),
	(1394,92,12,'01',0),
	(1395,93,3,'ГБУЗ НПЦ ПСИХОНЕВРОЛОГИИ ДЗМ',1),
	(1396,93,4,'МОСКВА ДОНСКАЯ 43',1),
	(1397,93,6,'1027739134422',1),
	(1398,93,5,'curdate()',1),
	(1399,93,12,'01',1),
	(1400,93,1,'1',0),
	(1401,93,3,'ГБУЗ НПЦ ПСИХОНЕВРОЛОГИИ ДЗМ',0),
	(1402,93,4,'МОСКВА ДОНСКАЯ 43',0),
	(1403,93,5,'curdate()',0),
	(1404,93,6,'1027739134422',0),
	(1405,93,11,'1',0),
	(1406,93,12,'01',0),
	(1407,93,14,'1',0),
	(1408,93,16,'1',0),
	(1409,93,25,'1',0),
	(1410,94,3,'ГБУЗ НПЦ ПСИХОНЕВРОЛОГИИ ДЗМ',0),
	(1411,94,4,'МОСКВА ДОНСКАЯ 43',0),
	(1412,94,6,'1027739134422',0),
	(1413,94,5,'curdate()',0),
	(1414,94,12,'01',0),
	(1415,95,3,'ГБУЗ НПЦ ПСИХОНЕВРОЛОГИИ ДЗМ',0),
	(1416,95,4,'МОСКВА ДОНСКАЯ 43',0),
	(1417,95,6,'1027739134422',0),
	(1418,95,5,'curdate()',0),
	(1419,95,12,'01',0),
	(1420,96,3,'ГБУЗ НПЦ ПСИХОНЕВРОЛОГИИ ДЗМ',1),
	(1421,96,4,'МОСКВА ДОНСКАЯ 43',1),
	(1422,96,6,'1027739134422',1),
	(1423,96,5,'curdate()',1),
	(1424,96,12,'01',1),
	(1425,96,1,'1',0),
	(1426,96,3,'ГБУЗ НПЦ ПСИХОНЕВРОЛОГИИ ДЗМ',0),
	(1427,96,4,'МОСКВА ДОНСКАЯ 43',0),
	(1428,96,5,'curdate()',0),
	(1429,96,6,'1027739134422',0),
	(1430,96,11,'1',0),
	(1431,96,12,'01',0),
	(1432,96,14,'1',0),
	(1433,96,16,'1',0),
	(1434,96,25,'1',0),
	(1435,97,3,'ГБУЗ НПЦ ПСИХОНЕВРОЛОГИИ ДЗМ',1),
	(1436,97,4,'МОСКВА ДОНСКАЯ 43',1),
	(1437,97,6,'1027739134422',1),
	(1438,97,5,'curdate()',1),
	(1439,97,12,'01',1),
	(1440,97,1,'1',0),
	(1441,97,3,'ГБУЗ НПЦ ПСИХОНЕВРОЛОГИИ ДЗМ',0),
	(1442,97,4,'МОСКВА ДОНСКАЯ 43',0),
	(1443,97,5,'curdate()',0),
	(1444,97,6,'1027739134422',0),
	(1445,97,11,'1',0),
	(1446,97,12,'01',0),
	(1447,97,14,'1',0),
	(1448,97,16,'1',0),
	(1449,97,25,'1',0),
	(1450,98,3,'ГБУЗ НПЦ ПСИХОНЕВРОЛОГИИ ДЗМ',0),
	(1451,98,4,'МОСКВА ДОНСКАЯ 43',0),
	(1452,98,6,'1027739134422',0),
	(1453,98,5,'curdate()',0),
	(1454,98,12,'01',0),
	(1455,99,3,'ГБУЗ НПЦ ПСИХОНЕВРОЛОГИИ ДЗМ',0),
	(1456,99,4,'МОСКВА ДОНСКАЯ 43',0),
	(1457,99,6,'1027739134422',0),
	(1458,99,5,'curdate()',0),
	(1459,99,12,'01',0),
	(1460,100,3,'ГБУЗ НПЦ ПСИХОНЕВРОЛОГИИ ДЗМ',0),
	(1461,100,4,'МОСКВА ДОНСКАЯ 43',0),
	(1462,100,6,'1027739134422',0),
	(1463,100,5,'curdate()',0),
	(1464,100,12,'01',0),
	(1465,101,3,'ГБУЗ НПЦ ПСИХОНЕВРОЛОГИИ ДЗМ',0),
	(1466,101,4,'МОСКВА ДОНСКАЯ 43',0),
	(1467,101,6,'1027739134422',0),
	(1468,101,5,'curdate()',0),
	(1469,101,12,'01',0),
	(1470,102,3,'ГБУЗ НПЦ ПСИХОНЕВРОЛОГИИ ДЗМ',0),
	(1471,102,4,'МОСКВА ДОНСКАЯ 43',0),
	(1472,102,6,'1027739134422',0),
	(1473,102,5,'curdate()',0),
	(1474,102,12,'01',0),
	(1475,103,3,'ГБУЗ НПЦ ПСИХОНЕВРОЛОГИИ ДЗМ',0),
	(1476,103,4,'МОСКВА ДОНСКАЯ 43',0),
	(1477,103,6,'1027739134422',0),
	(1478,103,5,'curdate()',0),
	(1479,103,12,'01',0),
	(1480,104,3,'ГБУЗ НПЦ ПСИХОНЕВРОЛОГИИ ДЗМ',0),
	(1481,104,4,'МОСКВА ДОНСКАЯ 43',0),
	(1482,104,6,'1027739134422',0),
	(1483,104,5,'curdate()',0),
	(1484,104,12,'01',0),
	(1485,105,3,'ГБУЗ НПЦ ПСИХОНЕВРОЛОГИИ ДЗМ',0),
	(1486,105,4,'МОСКВА ДОНСКАЯ 43',0),
	(1487,105,6,'1027739134422',0),
	(1488,105,5,'curdate()',0),
	(1489,105,12,'01',0),
	(1490,106,3,'ГБУЗ НПЦ ПСИХОНЕВРОЛОГИИ ДЗМ',0),
	(1491,106,4,'МОСКВА ДОНСКАЯ 43',0),
	(1492,106,6,'1027739134422',0),
	(1493,106,5,'curdate()',0),
	(1494,106,12,'01',0),
	(1495,107,3,'ГБУЗ НПЦ ПСИХОНЕВРОЛОГИИ ДЗМ',0),
	(1496,107,4,'МОСКВА ДОНСКАЯ 43',0),
	(1497,107,6,'1027739134422',0),
	(1498,107,5,'curdate()',0),
	(1499,107,12,'01',0),
	(1500,108,3,'ГБУЗ НПЦ ПСИХОНЕВРОЛОГИИ ДЗМ',0),
	(1501,108,4,'МОСКВА ДОНСКАЯ 43',0),
	(1502,108,6,'1027739134422',0),
	(1503,108,5,'curdate()',0),
	(1504,108,12,'01',0),
	(1505,109,3,'ГБУЗ НПЦ ПСИХОНЕВРОЛОГИИ ДЗМ',0),
	(1506,109,4,'МОСКВА ДОНСКАЯ 43',0),
	(1507,109,6,'1027739134422',0),
	(1508,109,5,'curdate()',0),
	(1509,109,12,'01',0),
	(1510,110,3,'ГБУЗ НПЦ ПСИХОНЕВРОЛОГИИ ДЗМ',0),
	(1511,110,4,'МОСКВА ДОНСКАЯ 43',0),
	(1512,110,6,'1027739134422',0),
	(1513,110,5,'curdate()',0),
	(1514,110,12,'01',0),
	(1515,111,3,'ГБУЗ НПЦ ПСИХОНЕВРОЛОГИИ ДЗМ',0),
	(1516,111,4,'МОСКВА ДОНСКАЯ 43',0),
	(1517,111,6,'1027739134422',0),
	(1518,111,5,'curdate()',0),
	(1519,111,12,'01',0),
	(1520,112,3,'ГБУЗ НПЦ ПСИХОНЕВРОЛОГИИ ДЗМ',0),
	(1521,112,4,'МОСКВА ДОНСКАЯ 43',0),
	(1522,112,6,'1027739134422',0),
	(1523,112,5,'curdate()',0),
	(1524,112,12,'01',0),
	(1525,113,3,'ГБУЗ НПЦ ПСИХОНЕВРОЛОГИИ ДЗМ',0),
	(1526,113,4,'МОСКВА ДОНСКАЯ 43',0),
	(1527,113,6,'1027739134422',0),
	(1528,113,5,'curdate()',0),
	(1529,113,12,'01',0),
	(1530,114,3,'ГБУЗ НПЦ ПСИХОНЕВРОЛОГИИ ДЗМ',0),
	(1531,114,4,'МОСКВА ДОНСКАЯ 43',0),
	(1532,114,6,'1027739134422',0),
	(1533,114,5,'curdate()',0),
	(1534,114,12,'01',0),
	(1535,115,3,'ГБУЗ НПЦ ПСИХОНЕВРОЛОГИИ ДЗМ',0),
	(1536,115,4,'МОСКВА ДОНСКАЯ 43',0),
	(1537,115,6,'1027739134422',0),
	(1538,115,5,'curdate()',0),
	(1539,115,12,'01',0),
	(1540,116,3,'ГБУЗ НПЦ ПСИХОНЕВРОЛОГИИ ДЗМ',0),
	(1541,116,4,'МОСКВА ДОНСКАЯ 43',0),
	(1542,116,6,'1027739134422',0),
	(1543,116,5,'curdate()',0),
	(1544,116,12,'01',0),
	(1545,117,3,'ГБУЗ НПЦ ПСИХОНЕВРОЛОГИИ ДЗМ',0),
	(1546,117,4,'МОСКВА ДОНСКАЯ 43',0),
	(1547,117,6,'1027739134422',0),
	(1548,117,5,'curdate()',0),
	(1549,117,12,'01',0),
	(1550,118,3,'ГБУЗ НПЦ ПСИХОНЕВРОЛОГИИ ДЗМ',0),
	(1551,118,4,'МОСКВА ДОНСКАЯ 43',0),
	(1552,118,6,'1027739134422',0),
	(1553,118,5,'curdate()',0),
	(1554,118,12,'01',0),
	(1555,119,3,'ГБУЗ НПЦ ПСИХОНЕВРОЛОГИИ ДЗМ',0),
	(1556,119,4,'МОСКВА ДОНСКАЯ 43',0),
	(1557,119,6,'1027739134422',0),
	(1558,119,5,'curdate()',0),
	(1559,119,12,'01',0),
	(1560,120,3,'ГБУЗ НПЦ ПСИХОНЕВРОЛОГИИ ДЗМ',0),
	(1561,120,4,'МОСКВА ДОНСКАЯ 43',0),
	(1562,120,6,'1027739134422',0),
	(1563,120,5,'curdate()',0),
	(1564,120,12,'01',0),
	(1565,121,3,'ГБУЗ НПЦ ПСИХОНЕВРОЛОГИИ ДЗМ',0),
	(1566,121,4,'МОСКВА ДОНСКАЯ 43',0),
	(1567,121,6,'1027739134422',0),
	(1568,121,5,'curdate()',0),
	(1569,121,12,'01',0),
	(1570,122,3,'ГБУЗ НПЦ ПСИХОНЕВРОЛОГИИ ДЗМ',0),
	(1571,122,4,'МОСКВА ДОНСКАЯ 43',0),
	(1572,122,6,'1027739134422',0),
	(1573,122,5,'curdate()',0),
	(1574,122,12,'01',0),
	(1575,123,3,'ГБУЗ НПЦ ПСИХОНЕВРОЛОГИИ ДЗМ',0),
	(1576,123,4,'МОСКВА ДОНСКАЯ 43',0),
	(1577,123,6,'1027739134422',0),
	(1578,123,5,'curdate()',0),
	(1579,123,12,'01',0),
	(1580,124,3,'ГБУЗ НПЦ ПСИХОНЕВРОЛОГИИ ДЗМ',0),
	(1581,124,4,'МОСКВА ДОНСКАЯ 43',0),
	(1582,124,6,'1027739134422',0),
	(1583,124,5,'curdate()',0),
	(1584,124,12,'01',0),
	(1585,125,3,'ГБУЗ НПЦ ПСИХОНЕВРОЛОГИИ ДЗМ',0),
	(1586,125,4,'МОСКВА ДОНСКАЯ 43',0),
	(1587,125,6,'1027739134422',0),
	(1588,125,5,'curdate()',0),
	(1589,125,12,'01',0),
	(1590,126,3,'ГБУЗ НПЦ ПСИХОНЕВРОЛОГИИ ДЗМ',0),
	(1591,126,4,'МОСКВА ДОНСКАЯ 43',0),
	(1592,126,6,'1027739134422',0),
	(1593,126,5,'curdate()',0),
	(1594,126,12,'01',0),
	(1595,127,3,'ГБУЗ НПЦ ПСИХОНЕВРОЛОГИИ ДЗМ',0),
	(1596,127,4,'МОСКВА ДОНСКАЯ 43',0),
	(1597,127,6,'1027739134422',0),
	(1598,127,5,'curdate()',0),
	(1599,127,12,'01',0),
	(1600,128,3,'ГБУЗ НПЦ ПСИХОНЕВРОЛОГИИ ДЗМ',0),
	(1601,128,4,'МОСКВА ДОНСКАЯ 43',0),
	(1602,128,6,'1027739134422',0),
	(1603,128,5,'curdate()',0),
	(1604,128,12,'01',0),
	(1605,129,3,'ГБУЗ НПЦ ПСИХОНЕВРОЛОГИИ ДЗМ',0),
	(1606,129,4,'МОСКВА ДОНСКАЯ 43',0),
	(1607,129,6,'1027739134422',0),
	(1608,129,5,'curdate()',0),
	(1609,129,12,'01',0),
	(1610,130,3,'ГБУЗ НПЦ ПСИХОНЕВРОЛОГИИ ДЗМ',0),
	(1611,130,4,'МОСКВА ДОНСКАЯ 43',0),
	(1612,130,6,'1027739134422',0),
	(1613,130,5,'curdate()',0),
	(1614,130,12,'01',0),
	(1615,131,3,'ГБУЗ НПЦ ПСИХОНЕВРОЛОГИИ ДЗМ',0),
	(1616,131,4,'МОСКВА ДОНСКАЯ 43',0),
	(1617,131,6,'1027739134422',0),
	(1618,131,5,'curdate()',0),
	(1619,131,12,'01',0),
	(1620,132,3,'ГБУЗ НПЦ ПСИХОНЕВРОЛОГИИ ДЗМ',0),
	(1621,132,4,'МОСКВА ДОНСКАЯ 43',0),
	(1622,132,6,'1027739134422',0),
	(1623,132,5,'curdate()',0),
	(1624,132,12,'01',0),
	(1625,133,3,'ГБУЗ НПЦ ПСИХОНЕВРОЛОГИИ ДЗМ',0),
	(1626,133,4,'МОСКВА ДОНСКАЯ 43',0),
	(1627,133,6,'1027739134422',0),
	(1628,133,5,'curdate()',0),
	(1629,133,12,'01',0),
	(1630,134,3,'ГБУЗ НПЦ ПСИХОНЕВРОЛОГИИ ДЗМ',0),
	(1631,134,4,'МОСКВА ДОНСКАЯ 43',0),
	(1632,134,6,'1027739134422',0),
	(1633,134,5,'curdate()',0),
	(1634,134,12,'01',0),
	(1635,135,3,'ГБУЗ НПЦ ПСИХОНЕВРОЛОГИИ ДЗМ',0),
	(1636,135,4,'МОСКВА ДОНСКАЯ 43',0),
	(1637,135,6,'1027739134422',0),
	(1638,135,5,'curdate()',0),
	(1639,135,12,'01',0),
	(1640,136,3,'ГБУЗ НПЦ ПСИХОНЕВРОЛОГИИ ДЗМ',0),
	(1641,136,4,'МОСКВА ДОНСКАЯ 43',0),
	(1642,136,6,'1027739134422',0),
	(1643,136,5,'curdate()',0),
	(1644,136,12,'01',0),
	(1645,137,3,'ГБУЗ НПЦ ПСИХОНЕВРОЛОГИИ ДЗМ',1),
	(1646,137,4,'МОСКВА ДОНСКАЯ 43',1),
	(1647,137,6,'1027739134422',1),
	(1648,137,5,'curdate()',1),
	(1649,137,12,'01',1),
	(1650,137,1,'1',0),
	(1651,137,3,'ГБУЗ НПЦ ПСИХОНЕВРОЛОГИИ ДЗМ',0),
	(1652,137,4,'МОСКВА ДОНСКАЯ 43',0),
	(1653,137,5,'curdate()',0),
	(1654,137,6,'1027739134422',0),
	(1655,137,11,'1',0),
	(1656,137,12,'01',0),
	(1657,137,14,'1',0),
	(1658,137,16,'1',0),
	(1659,137,25,'1',0),
	(1660,138,3,'ГБУЗ НПЦ ПСИХОНЕВРОЛОГИИ ДЗМ',0),
	(1661,138,4,'МОСКВА ДОНСКАЯ 43',0),
	(1662,138,6,'1027739134422',0),
	(1663,138,5,'curdate()',0),
	(1664,138,12,'01',0),
	(1665,139,3,'ГБУЗ НПЦ ПСИХОНЕВРОЛОГИИ ДЗМ',0),
	(1666,139,4,'МОСКВА ДОНСКАЯ 43',0),
	(1667,139,6,'1027739134422',0),
	(1668,139,5,'curdate()',0),
	(1669,139,12,'01',0),
	(1670,140,3,'ГБУЗ НПЦ ПСИХОНЕВРОЛОГИИ ДЗМ',1),
	(1671,140,4,'МОСКВА ДОНСКАЯ 43',1),
	(1672,140,6,'1027739134422',1),
	(1673,140,5,'curdate()',1),
	(1674,140,12,'01',1),
	(1675,140,1,'1',0),
	(1676,140,3,'ГБУЗ НПЦ ПСИХОНЕВРОЛОГИИ ДЗМ',0),
	(1677,140,4,'МОСКВА ДОНСКАЯ 43',0),
	(1678,140,5,'curdate()',0),
	(1679,140,6,'1027739134422',0),
	(1680,140,11,'1',0),
	(1681,140,12,'01',0),
	(1682,140,14,'1',0),
	(1683,140,16,'1',0),
	(1684,140,25,'1',0),
	(1685,141,3,'ГБУЗ НПЦ ПСИХОНЕВРОЛОГИИ ДЗМ',0),
	(1686,141,4,'МОСКВА ДОНСКАЯ 43',0),
	(1687,141,6,'1027739134422',0),
	(1688,141,5,'curdate()',0),
	(1689,141,12,'01',0),
	(1690,142,3,'ГБУЗ НПЦ ПСИХОНЕВРОЛОГИИ ДЗМ',0),
	(1691,142,4,'МОСКВА ДОНСКАЯ 43',0),
	(1692,142,6,'1027739134422',0),
	(1693,142,5,'curdate()',0),
	(1694,142,12,'01',0),
	(1695,143,3,'ГБУЗ НПЦ ПСИХОНЕВРОЛОГИИ ДЗМ',0),
	(1696,143,4,'МОСКВА ДОНСКАЯ 43',0),
	(1697,143,6,'1027739134422',0),
	(1698,143,5,'curdate()',0),
	(1699,143,12,'01',0),
	(1700,144,3,'ГБУЗ НПЦ ПСИХОНЕВРОЛОГИИ ДЗМ',0),
	(1701,144,4,'МОСКВА ДОНСКАЯ 43',0),
	(1702,144,6,'1027739134422',0),
	(1703,144,5,'curdate()',0),
	(1704,144,12,'01',0),
	(1705,145,3,'ГБУЗ НПЦ ПСИХОНЕВРОЛОГИИ ДЗМ',0),
	(1706,145,4,'МОСКВА ДОНСКАЯ 43',0),
	(1707,145,6,'1027739134422',0),
	(1708,145,5,'curdate()',0),
	(1709,145,12,'01',0),
	(1710,146,3,'ГБУЗ НПЦ ПСИХОНЕВРОЛОГИИ ДЗМ',0),
	(1711,146,4,'МОСКВА ДОНСКАЯ 43',0),
	(1712,146,6,'1027739134422',0),
	(1713,146,5,'curdate()',0),
	(1714,146,12,'01',0),
	(1715,147,3,'ГБУЗ НПЦ ПСИХОНЕВРОЛОГИИ ДЗМ',0),
	(1716,147,4,'МОСКВА ДОНСКАЯ 43',0),
	(1717,147,6,'1027739134422',0),
	(1718,147,5,'curdate()',0),
	(1719,147,12,'01',0),
	(1720,148,3,'ГБУЗ НПЦ ПСИХОНЕВРОЛОГИИ ДЗМ',0),
	(1721,148,4,'МОСКВА ДОНСКАЯ 43',0),
	(1722,148,6,'1027739134422',0),
	(1723,148,5,'curdate()',0),
	(1724,148,12,'01',0),
	(1725,149,3,'ГБУЗ НПЦ ПСИХОНЕВРОЛОГИИ ДЗМ',0),
	(1726,149,4,'МОСКВА ДОНСКАЯ 43',0),
	(1727,149,6,'1027739134422',0),
	(1728,149,5,'curdate()',0),
	(1729,149,12,'01',0),
	(1730,150,3,'ГБУЗ НПЦ ПСИХОНЕВРОЛОГИИ ДЗМ',0),
	(1731,150,4,'МОСКВА ДОНСКАЯ 43',0),
	(1732,150,6,'1027739134422',0),
	(1733,150,5,'curdate()',0),
	(1734,150,12,'01',0),
	(1735,151,3,'ГБУЗ НПЦ ПСИХОНЕВРОЛОГИИ ДЗМ',1),
	(1736,151,4,'МОСКВА ДОНСКАЯ 43',1),
	(1737,151,6,'1027739134422',1),
	(1738,151,5,'curdate()',1),
	(1739,151,12,'01',1),
	(1740,152,3,'ГБУЗ НПЦ ПСИХОНЕВРОЛОГИИ ДЗМ',0),
	(1741,152,4,'МОСКВА ДОНСКАЯ 43',0),
	(1742,152,6,'1027739134422',0),
	(1743,152,5,'curdate()',0),
	(1744,152,12,'01',0),
	(1745,151,1,'1',1),
	(1746,151,3,'ГБУЗ НПЦ ПСИХОНЕВРОЛОГИИ ДЗМ',1),
	(1747,151,4,'МОСКВА ДОНСКАЯ 43',1),
	(1748,151,5,'curdate()',1),
	(1749,151,6,'1027739134422',1),
	(1750,151,11,'1',1),
	(1751,151,12,'01',1),
	(1752,151,14,'1',1),
	(1753,151,16,'1',1),
	(1754,151,25,'1',1),
	(1755,151,1,'1',1),
	(1756,151,3,'ГБУЗ НПЦ ПСИХОНЕВРОЛОГИИ ДЗМ',1),
	(1757,151,4,'МОСКВА ДОНСКАЯ 43',1),
	(1758,151,5,'curdate()',1),
	(1759,151,6,'1027739134422',1),
	(1760,151,11,'1',1),
	(1761,151,12,'01',1),
	(1762,151,14,'1',1),
	(1763,151,16,'1',1),
	(1764,151,25,'1',1),
	(1765,151,1,'1',1),
	(1766,151,3,'ГБУЗ НПЦ ПСИХОНЕВРОЛОГИИ ДЗМ',1),
	(1767,151,4,'МОСКВА ДОНСКАЯ 43',1),
	(1768,151,5,'curdate()',1),
	(1769,151,6,'1027739134422',1),
	(1770,151,11,'1',1),
	(1771,151,12,'01',1),
	(1772,151,14,'1',1),
	(1773,151,16,'1',1),
	(1774,151,25,'1',1),
	(1775,151,1,'1',1),
	(1776,151,3,'ГБУЗ НПЦ ПСИХОНЕВРОЛОГИИ ДЗМ',1),
	(1777,151,4,'МОСКВА ДОНСКАЯ 43',1),
	(1778,151,5,'curdate()',1),
	(1779,151,6,'1027739134422',1),
	(1780,151,11,'1',1),
	(1781,151,12,'01',1),
	(1782,151,14,'1',1),
	(1783,151,16,'1',1),
	(1784,151,25,'1',1),
	(1785,151,1,'1',1),
	(1786,151,3,'ГБУЗ НПЦ ПСИХОНЕВРОЛОГИИ ДЗМ',1),
	(1787,151,4,'МОСКВА ДОНСКАЯ 43',1),
	(1788,151,5,'curdate()',1),
	(1789,151,6,'1027739134422',1),
	(1790,151,11,'1',1),
	(1791,151,12,'01',1),
	(1792,151,14,'1',1),
	(1793,151,16,'1',1),
	(1794,151,25,'1',1),
	(1795,153,3,'ГБУЗ НПЦ ПСИХОНЕВРОЛОГИИ ДЗМ',1),
	(1796,153,4,'МОСКВА ДОНСКАЯ 43',1),
	(1797,153,6,'1027739134422',1),
	(1798,153,5,'curdate()',1),
	(1799,153,12,'01',1),
	(1800,153,1,'1',1),
	(1801,153,3,'ГБУЗ НПЦ ПСИХОНЕВРОЛОГИИ ДЗМ',1),
	(1802,153,4,'МОСКВА ДОНСКАЯ 43',1),
	(1803,153,5,'curdate()',1),
	(1804,153,6,'1027739134422',1),
	(1805,153,11,'1',1),
	(1806,153,12,'01',1),
	(1807,153,14,'1',1),
	(1808,153,16,'1',1),
	(1809,153,25,'1',1),
	(1810,153,0,'sdaf',0),
	(1811,153,1,'1',0),
	(1812,153,2,'asdf',0),
	(1813,153,3,'ГБУЗ НПЦ ПСИХОНЕВРОЛОГИИ ДЗМ',0),
	(1814,153,4,'МОСКВА ДОНСКАЯ 43',0),
	(1815,153,5,'curdate()',0),
	(1816,153,6,'1027739134422',0),
	(1817,153,7,'sdf',0),
	(1818,153,8,'sdf',0),
	(1819,153,11,'1',0),
	(1820,153,12,'01',0),
	(1821,153,14,'1',0),
	(1822,153,16,'1',0),
	(1823,153,25,'1',0),
	(1824,151,1,'1',1),
	(1825,151,3,'ГБУЗ НПЦ ПСИХОНЕВРОЛОГИИ ДЗМ',1),
	(1826,151,4,'МОСКВА ДОНСКАЯ 43',1),
	(1827,151,5,'curdate()',1),
	(1828,151,6,'1027739134422',1),
	(1829,151,11,'1',1),
	(1830,151,12,'01',1),
	(1831,151,14,'1',1),
	(1832,151,16,'1',1),
	(1833,151,25,'1',1),
	(1834,151,1,'1',0),
	(1835,151,3,'ГБУЗ НПЦ ПСИХОНЕВРОЛОГИИ ДЗМ',0),
	(1836,151,4,'МОСКВА ДОНСКАЯ 43',0),
	(1837,151,5,'curdate()',0),
	(1838,151,6,'1027739134422',0),
	(1839,151,11,'1',0),
	(1840,151,12,'01',0),
	(1841,151,14,'1',0),
	(1842,151,16,'1',0),
	(1843,151,25,'1',0),
	(1844,154,3,'ГБУЗ НПЦ ПСИХОНЕВРОЛОГИИ ДЗМ',0),
	(1845,154,4,'МОСКВА ДОНСКАЯ 43',0),
	(1846,154,6,'1027739134422',0),
	(1847,154,5,'curdate()',0),
	(1848,154,12,'01',0),
	(1849,155,3,'ГБУЗ НПЦ ПСИХОНЕВРОЛОГИИ ДЗМ',0),
	(1850,155,4,'МОСКВА ДОНСКАЯ 43',0),
	(1851,155,6,'1027739134422',0),
	(1852,155,5,'curdate()',0),
	(1853,155,12,'01',0),
	(1854,156,3,'ГБУЗ НПЦ ПСИХОНЕВРОЛОГИИ ДЗМ',0),
	(1855,156,4,'МОСКВА ДОНСКАЯ 43',0),
	(1856,156,6,'1027739134422',0),
	(1857,156,5,'curdate()',0),
	(1858,156,12,'01',0),
	(1859,157,3,'ГБУЗ НПЦ ПСИХОНЕВРОЛОГИИ ДЗМ',1),
	(1860,157,4,'МОСКВА ДОНСКАЯ 43',1),
	(1861,157,6,'1027739134422',1),
	(1862,157,5,'curdate()',1),
	(1863,157,12,'01',1),
	(1864,157,1,'1',0),
	(1865,157,3,'ГБУЗ НПЦ ПСИХОНЕВРОЛОГИИ ДЗМ',0),
	(1866,157,4,'МОСКВА ДОНСКАЯ 43',0),
	(1867,157,5,'curdate()',0),
	(1868,157,6,'1027739134422',0),
	(1869,157,11,'1',0),
	(1870,157,12,'01',0),
	(1871,157,14,'1',0),
	(1872,157,16,'1',0),
	(1873,157,25,'1',0),
	(1874,158,3,'ГБУЗ НПЦ ПСИХОНЕВРОЛОГИИ ДЗМ',1),
	(1875,158,4,'МОСКВА ДОНСКАЯ 43',1),
	(1876,158,6,'1027739134422',1),
	(1877,158,5,'curdate()',1),
	(1878,158,12,'01',1),
	(1879,158,1,'1',1),
	(1880,158,3,'ГБУЗ НПЦ ПСИХОНЕВРОЛОГИИ ДЗМ',1),
	(1881,158,4,'МОСКВА ДОНСКАЯ 43',1),
	(1882,158,5,'curdate()',1),
	(1883,158,6,'1027739134422',1),
	(1884,158,7,'Иванов',1),
	(1885,158,8,'Иван',1),
	(1886,158,9,'Иванович',1),
	(1887,158,11,'1',1),
	(1888,158,12,'01',1),
	(1889,158,14,'1',1),
	(1890,158,16,'1',1),
	(1891,158,25,'1',1),
	(1892,159,3,'ГБУЗ НПЦ ПСИХОНЕВРОЛОГИИ ДЗМ',1),
	(1893,159,4,'МОСКВА ДОНСКАЯ 43',1),
	(1894,159,6,'1027739134422',1),
	(1895,159,5,'curdate()',1),
	(1896,159,12,'01',1),
	(1897,159,1,'1',0),
	(1898,159,3,'ГБУЗ НПЦ ПСИХОНЕВРОЛОГИИ ДЗМ',0),
	(1899,159,4,'МОСКВА ДОНСКАЯ 43',0),
	(1900,159,5,'curdate()',0),
	(1901,159,6,'1027739134422',0),
	(1902,159,11,'1',0),
	(1903,159,12,'01',0),
	(1904,159,14,'1',0),
	(1905,159,16,'1',0),
	(1906,159,25,'1',0),
	(1907,160,3,'ГБУЗ НПЦ ПСИХОНЕВРОЛОГИИ ДЗМ',0),
	(1908,160,4,'МОСКВА ДОНСКАЯ 43',0),
	(1909,160,6,'1027739134422',0),
	(1910,160,5,'curdate()',0),
	(1911,160,12,'01',0),
	(1912,161,3,'ГБУЗ НПЦ ПСИХОНЕВРОЛОГИИ ДЗМ',0),
	(1913,161,4,'МОСКВА ДОНСКАЯ 43',0),
	(1914,161,6,'1027739134422',0),
	(1915,161,5,'curdate()',0),
	(1916,161,12,'01',0),
	(1917,162,3,'ГБУЗ НПЦ ПСИХОНЕВРОЛОГИИ ДЗМ',1),
	(1918,162,4,'МОСКВА ДОНСКАЯ 43',1),
	(1919,162,6,'1027739134422',1),
	(1920,162,5,'curdate()',1),
	(1921,162,12,'01',1),
	(1922,162,1,'1',1),
	(1923,162,3,'ГБУЗ НПЦ ПСИХОНЕВРОЛОГИИ ДЗМ',1),
	(1924,162,4,'МОСКВА ДОНСКАЯ 43',1),
	(1925,162,5,'curdate()',1),
	(1926,162,6,'1027739134422',1),
	(1927,162,11,'1',1),
	(1928,162,12,'01',1),
	(1929,162,14,'1',1),
	(1930,162,16,'1',1),
	(1931,162,25,'1',1),
	(1932,162,1,'1',0),
	(1933,162,3,'ГБУЗ НПЦ ПСИХОНЕВРОЛОГИИ ДЗМ',0),
	(1934,162,4,'МОСКВА ДОНСКАЯ 43',0),
	(1935,162,5,'curdate()',0),
	(1936,162,6,'1027739134422',0),
	(1937,162,7,'Иванов',0),
	(1938,162,11,'1',0),
	(1939,162,12,'01',0),
	(1940,162,14,'1',0),
	(1941,162,16,'1',0),
	(1942,162,25,'1',0),
	(1943,163,3,'ГБУЗ НПЦ ПСИХОНЕВРОЛОГИИ ДЗМ',0),
	(1944,163,4,'МОСКВА ДОНСКАЯ 43',0),
	(1945,163,6,'1027739134422',0),
	(1946,163,5,'curdate()',0),
	(1947,163,12,'01',0),
	(1948,164,3,'ГБУЗ НПЦ ПСИХОНЕВРОЛОГИИ ДЗМ',1),
	(1949,164,4,'МОСКВА ДОНСКАЯ 43',1),
	(1950,164,6,'1027739134422',1),
	(1951,164,5,'curdate()',1),
	(1952,164,12,'01',1),
	(1953,164,1,'1',0),
	(1954,164,3,'ГБУЗ НПЦ ПСИХОНЕВРОЛОГИИ ДЗМ',0),
	(1955,164,4,'МОСКВА ДОНСКАЯ 43',0),
	(1956,164,5,'curdate()',0),
	(1957,164,6,'1027739134422',0),
	(1958,164,11,'1',0),
	(1959,164,12,'01',0),
	(1960,164,14,'1',0),
	(1961,164,16,'1',0),
	(1962,164,25,'1',0),
	(1963,158,1,'1',1),
	(1964,158,3,'ГБУЗ НПЦ ПСИХОНЕВРОЛОГИИ ДЗМ',1),
	(1965,158,4,'МОСКВА ДОНСКАЯ 43',1),
	(1966,158,5,'curdate()',1),
	(1967,158,6,'1027739134422',1),
	(1968,158,7,'Иванов',1),
	(1969,158,8,'Иван',1),
	(1970,158,9,'Иванович',1),
	(1971,158,11,'1',1),
	(1972,158,12,'01',1),
	(1973,158,14,'1',1),
	(1974,158,16,'1',1),
	(1975,158,25,'1',1),
	(1976,158,0,'123412341234',1),
	(1977,158,1,'1',1),
	(1978,158,2,'123412341234',1),
	(1979,158,3,'ГБУЗ НПЦ ПСИХОНЕВРОЛОГИИ ДЗМ',1),
	(1980,158,4,'МОСКВА ДОНСКАЯ 43',1),
	(1981,158,5,'curdate()',1),
	(1982,158,6,'1027739134422',1),
	(1983,158,7,'Иванов',1),
	(1984,158,8,'Иван',1),
	(1985,158,9,'Иванович',1),
	(1986,158,10,'06-07-2015',1),
	(1987,158,11,'1',1),
	(1988,158,12,'01',1),
	(1989,158,13,'мгту',1),
	(1990,158,14,'1',1),
	(1991,158,16,'1',1),
	(1992,158,25,'1',1),
	(1993,158,0,'123412341234',1),
	(1994,158,1,'1',1),
	(1995,158,2,'123412341234',1),
	(1996,158,3,'ГБУЗ НПЦ ПСИХОНЕВРОЛОГИИ ДЗМ',1),
	(1997,158,4,'МОСКВА ДОНСКАЯ 43',1),
	(1998,158,5,'curdate()',1),
	(1999,158,6,'1027739134422',1),
	(2000,158,7,'Иванов',1),
	(2001,158,8,'Иван',1),
	(2002,158,9,'Иванович',1),
	(2003,158,10,'06-07-2015',1),
	(2004,158,11,'1',1),
	(2005,158,12,'01',1),
	(2006,158,13,'мгту',1),
	(2007,158,14,'1',1),
	(2008,158,16,'1',1),
	(2009,158,25,'1',1),
	(2010,158,0,'123412341234',1),
	(2011,158,1,'1',1),
	(2012,158,2,'123412341234',1),
	(2013,158,3,'ГБУЗ НПЦ ПСИХОНЕВРОЛОГИИ ДЗМ',1),
	(2014,158,4,'МОСКВА ДОНСКАЯ 43',1),
	(2015,158,5,'01-07-2015',1),
	(2016,158,6,'1027739134422',1),
	(2017,158,7,'Иванов',1),
	(2018,158,8,'Иван',1),
	(2019,158,9,'Иванович',1),
	(2020,158,10,'06-07-2015',1),
	(2021,158,11,'1',1),
	(2022,158,12,'01',1),
	(2023,158,13,'мгту',1),
	(2024,158,14,'1',1),
	(2025,158,16,'1',1),
	(2026,158,25,'1',1),
	(2027,158,33,'14-07-2015',1),
	(2028,165,3,'ГБУЗ НПЦ ПСИХОНЕВРОЛОГИИ ДЗМ',1),
	(2029,165,4,'МОСКВА ДОНСКАЯ 43',1),
	(2030,165,6,'1027739134422',1),
	(2031,165,5,'curdate()',1),
	(2032,165,12,'01',1),
	(2033,166,3,'ГБУЗ НПЦ ПСИХОНЕВРОЛОГИИ ДЗМ',1),
	(2034,166,4,'МОСКВА ДОНСКАЯ 43',1),
	(2035,166,6,'1027739134422',1),
	(2036,166,5,'curdate()',1),
	(2037,166,12,'01',1),
	(2038,167,3,'ГБУЗ НПЦ ПСИХОНЕВРОЛОГИИ ДЗМ',1),
	(2039,167,4,'МОСКВА ДОНСКАЯ 43',1),
	(2040,167,6,'1027739134422',1),
	(2041,167,5,'curdate()',1),
	(2042,167,12,'01',1),
	(2043,167,0,'134134134135',1),
	(2044,167,1,'1',1),
	(2045,167,3,'ГБУЗ НПЦ ПСИХОНЕВРОЛОГИИ ДЗМ',1),
	(2046,167,4,'МОСКВА ДОНСКАЯ 43',1),
	(2047,167,5,'10-08-2015',1),
	(2048,167,6,'1027739134422',1),
	(2049,167,7,'Иванов',1),
	(2050,167,8,'Иван',1),
	(2051,167,9,'Иванович',1),
	(2052,167,10,'09-08-1995',1),
	(2053,167,11,'1',1),
	(2054,167,12,'01',1),
	(2055,167,13,'мгту',1),
	(2056,167,14,'1',1),
	(2057,167,15,'292377',1),
	(2058,167,16,'1',1),
	(2059,167,17,'02-08-2015',1),
	(2060,167,18,'09-08-2015',1),
	(2061,167,19,'1',1),
	(2062,167,21,'34',1),
	(2063,167,22,'ва',1),
	(2064,167,23,'23',1),
	(2065,167,24,'вывыв',1),
	(2066,167,25,'3',1),
	(2067,167,27,'17-08-2015',1),
	(2068,167,28,'02-08-2015',1),
	(2069,167,29,'27-08-2015',1),
	(2070,167,54,'Акжигитов Р.Г.',1),
	(2071,167,55,'01-09-2015',1),
	(2072,167,58,'1234567',1),
	(2073,167,0,'134134134135',0),
	(2074,167,1,'1',0),
	(2075,167,3,'ГБУЗ НПЦ ПСИХОНЕВРОЛОГИИ ДЗМ',0),
	(2076,167,4,'МОСКВА ДОНСКАЯ 43',0),
	(2077,167,5,'10-08-2015',0),
	(2078,167,6,'1027739134422',0),
	(2079,167,7,'Иванов',0),
	(2080,167,8,'Иван',0),
	(2081,167,9,'Иванович',0),
	(2082,167,10,'09-08-1995',0),
	(2083,167,11,'1',0),
	(2084,167,12,'01',0),
	(2085,167,13,'мгту',0),
	(2086,167,14,'1',0),
	(2087,167,15,'292377',0),
	(2088,167,16,'1',0),
	(2089,167,17,'02-08-2015',0),
	(2090,167,18,'09-08-2015',0),
	(2091,167,19,'1',0),
	(2092,167,21,'34',0),
	(2093,167,22,'ва',0),
	(2094,167,23,'23',0),
	(2095,167,24,'вывыв',0),
	(2096,167,25,'3',0),
	(2097,167,27,'17-08-2015',0),
	(2098,167,28,'02-08-2015',0),
	(2099,167,29,'27-08-2015',0),
	(2100,167,54,'Акжигитов Р.Г.',0),
	(2101,167,55,'01-09-2015',0),
	(2102,167,58,'1234567',0),
	(2103,165,1,'1',0),
	(2104,165,3,'ГБУЗ НПЦ ПСИХОНЕВРОЛОГИИ ДЗМ',0),
	(2105,165,4,'МОСКВА ДОНСКАЯ 43',0),
	(2106,165,5,'curdate()',0),
	(2107,165,6,'1027739134422',0),
	(2108,165,11,'1',0),
	(2109,165,12,'01',0),
	(2110,165,14,'1',0),
	(2111,165,16,'1',0),
	(2112,165,25,'1',0),
	(2113,166,1,'1',0),
	(2114,166,3,'ГБУЗ НПЦ ПСИХОНЕВРОЛОГИИ ДЗМ',0),
	(2115,166,4,'МОСКВА ДОНСКАЯ 43',0),
	(2116,166,5,'curdate()',0),
	(2117,166,6,'1027739134422',0),
	(2118,166,11,'1',0),
	(2119,166,12,'01',0),
	(2120,166,14,'1',0),
	(2121,166,16,'1',0),
	(2122,166,25,'1',0),
	(2123,168,3,'ГБУЗ НПЦ ПСИХОНЕВРОЛОГИИ ДЗМ',0),
	(2124,168,4,'МОСКВА ДОНСКАЯ 43',0),
	(2125,168,6,'1027739134422',0),
	(2126,168,5,'curdate()',0),
	(2127,168,12,'01',0),
	(2128,169,3,'ГБУЗ НПЦ ПСИХОНЕВРОЛОГИИ ДЗМ',1),
	(2129,169,4,'МОСКВА ДОНСКАЯ 43',1),
	(2130,169,6,'1027739134422',1),
	(2131,169,5,'curdate()',1),
	(2132,169,12,'01',1),
	(2133,169,1,'1',0),
	(2134,169,3,'ГБУЗ НПЦ ПСИХОНЕВРОЛОГИИ ДЗМ',0),
	(2135,169,4,'МОСКВА ДОНСКАЯ 43',0),
	(2136,169,5,'curdate()',0),
	(2137,169,6,'1027739134422',0),
	(2138,169,11,'1',0),
	(2139,169,12,'01',0),
	(2140,169,14,'1',0),
	(2141,169,15,'123',0),
	(2142,169,16,'1',0),
	(2143,169,25,'1',0),
	(2144,170,3,'ГБУЗ НПЦ ПСИХОНЕВРОЛОГИИ ДЗМ',0),
	(2145,170,4,'МОСКВА ДОНСКАЯ 43',0),
	(2146,170,6,'1027739134422',0),
	(2147,170,5,'curdate()',0),
	(2148,170,12,'01',0),
	(2149,171,3,'ГБУЗ НПЦ ПСИХОНЕВРОЛОГИИ ДЗМ',0),
	(2150,171,4,'МОСКВА ДОНСКАЯ 43',0),
	(2151,171,6,'1027739134422',0),
	(2152,171,5,'curdate()',0),
	(2153,171,12,'01',0),
	(2154,172,3,'ГБУЗ НПЦ ПСИХОНЕВРОЛОГИИ ДЗМ',0),
	(2155,172,4,'МОСКВА ДОНСКАЯ 43',0),
	(2156,172,6,'1027739134422',0),
	(2157,172,5,'curdate()',0),
	(2158,172,12,'01',0),
	(2159,173,3,'ГБУЗ НПЦ ПСИХОНЕВРОЛОГИИ ДЗМ',0),
	(2160,173,4,'МОСКВА ДОНСКАЯ 43',0),
	(2161,173,6,'1027739134422',0),
	(2162,173,5,'curdate()',0),
	(2163,173,12,'01',0),
	(2164,174,3,'ГБУЗ НПЦ ПСИХОНЕВРОЛОГИИ ДЗМ',0),
	(2165,174,4,'МОСКВА ДОНСКАЯ 43',0),
	(2166,174,6,'1027739134422',0),
	(2167,174,5,'curdate()',0),
	(2168,174,12,'01',0),
	(2169,175,3,'ГБУЗ НПЦ ПСИХОНЕВРОЛОГИИ ДЗМ',0),
	(2170,175,4,'МОСКВА ДОНСКАЯ 43',0),
	(2171,175,6,'1027739134422',0),
	(2172,175,5,'curdate()',0),
	(2173,175,12,'01',0),
	(2174,176,3,'ГБУЗ НПЦ ПСИХОНЕВРОЛОГИИ ДЗМ',0),
	(2175,176,4,'МОСКВА ДОНСКАЯ 43',0),
	(2176,176,6,'1027739134422',0),
	(2177,176,5,'curdate()',0),
	(2178,176,12,'01',0),
	(2179,177,3,'ГБУЗ НПЦ ПСИХОНЕВРОЛОГИИ ДЗМ',0),
	(2180,177,4,'МОСКВА ДОНСКАЯ 43',0),
	(2181,177,6,'1027739134422',0),
	(2182,177,5,'curdate()',0),
	(2183,177,12,'01',0),
	(2184,178,3,'ГБУЗ НПЦ ПСИХОНЕВРОЛОГИИ ДЗМ',1),
	(2185,178,4,'МОСКВА ДОНСКАЯ 43',1),
	(2186,178,6,'1027739134422',1),
	(2187,178,5,'curdate()',1),
	(2188,178,12,'01',1),
	(2189,178,1,'1234567890',1),
	(2190,178,3,'ГБУЗ НПЦ ПСИХОНЕВРОЛОГИИ ДЗМ',1),
	(2191,178,4,'МОСКВА ДОНСКАЯ 43',1),
	(2192,178,5,'15-11-2015',1),
	(2193,178,6,'1027739134422',1),
	(2194,178,7,'Петров',1),
	(2195,178,8,'Сергей',1),
	(2196,178,9,'Николаевич',1),
	(2197,178,11,'1',1),
	(2198,178,12,'01',1),
	(2199,178,14,'1',1),
	(2200,178,16,'1',1),
	(2201,178,25,'1',1),
	(2202,178,0,'123412341235',1),
	(2203,178,1,'1',1),
	(2204,178,3,'ГБУЗ НПЦ ПСИХОНЕВРОЛОГИИ ДЗМ',1),
	(2205,178,4,'МОСКВА ДОНСКАЯ 43',1),
	(2206,178,5,'15-11-2015',1),
	(2207,178,6,'1027739134422',1),
	(2208,178,7,'Петров',1),
	(2209,178,8,'Сергей',1),
	(2210,178,9,'Николаевич',1),
	(2211,178,11,'1',1),
	(2212,178,12,'01',1),
	(2213,178,14,'1',1),
	(2214,178,16,'1',1),
	(2215,178,25,'1',1),
	(2216,179,3,'ГБУЗ НПЦ ПСИХОНЕВРОЛОГИИ ДЗМ',0),
	(2217,179,4,'МОСКВА ДОНСКАЯ 43',0),
	(2218,179,6,'1027739134422',0),
	(2219,179,5,'curdate()',0),
	(2220,179,12,'01',0),
	(2221,180,3,'ГБУЗ НПЦ ПСИХОНЕВРОЛОГИИ ДЗМ',0),
	(2222,180,4,'МОСКВА ДОНСКАЯ 43',0),
	(2223,180,6,'1027739134422',0),
	(2224,180,5,'curdate()',0),
	(2225,180,12,'01',0),
	(2226,181,3,'ГБУЗ НПЦ ПСИХОНЕВРОЛОГИИ ДЗМ',0),
	(2227,181,4,'МОСКВА ДОНСКАЯ 43',0),
	(2228,181,6,'1027739134422',0),
	(2229,181,5,'curdate()',0),
	(2230,181,12,'01',0),
	(2231,182,3,'ГБУЗ НПЦ ПСИХОНЕВРОЛОГИИ ДЗМ',0),
	(2232,182,4,'МОСКВА ДОНСКАЯ 43',0),
	(2233,182,6,'1027739134422',0),
	(2234,182,5,'curdate()',0),
	(2235,182,12,'01',0),
	(2236,183,3,'ГБУЗ НПЦ ПСИХОНЕВРОЛОГИИ ДЗМ',0),
	(2237,183,4,'МОСКВА ДОНСКАЯ 43',0),
	(2238,183,6,'1027739134422',0),
	(2239,183,5,'curdate()',0),
	(2240,183,12,'01',0),
	(2241,158,0,'123412341234',1),
	(2242,158,1,'1',1),
	(2243,158,2,'123412341234',1),
	(2244,158,3,'ГБУЗ НПЦ ПСИХОНЕВРОЛОГИИ ДЗМ',1),
	(2245,158,4,'МОСКВА ДОНСКАЯ 43',1),
	(2246,158,5,'01-07-2015',1),
	(2247,158,6,'1027739134422',1),
	(2248,158,7,'Иванов',1),
	(2249,158,8,'Иван',1),
	(2250,158,9,'Иванович',1),
	(2251,158,10,'06-07-2015',1),
	(2252,158,11,'1',1),
	(2253,158,12,'01',1),
	(2254,158,13,'мгту',1),
	(2255,158,14,'1',1),
	(2256,158,16,'1',1),
	(2257,158,25,'1',1),
	(2258,158,33,'14-07-2015',1),
	(2259,158,0,'123412341234',1),
	(2260,158,1,'1',1),
	(2261,158,2,'123412341234',1),
	(2262,158,3,'ГБУЗ НПЦ ПСИХОНЕВРОЛОГИИ ДЗМ',1),
	(2263,158,4,'МОСКВА ДОНСКАЯ 43',1),
	(2264,158,5,'01-07-2015',1),
	(2265,158,6,'1027739134422',1),
	(2266,158,7,'Иванов',1),
	(2267,158,8,'Иван',1),
	(2268,158,9,'Иванович',1),
	(2269,158,10,'06-07-2015',1),
	(2270,158,11,'1',1),
	(2271,158,12,'01',1),
	(2272,158,13,'мгту',1),
	(2273,158,14,'1',1),
	(2274,158,16,'1',1),
	(2275,158,25,'1',1),
	(2276,158,33,'14-07-2015',1),
	(2277,178,0,'123412341235',1),
	(2278,178,1,'1',1),
	(2279,178,3,'ГБУЗ НПЦ ПСИХОНЕВРОЛОГИИ ДЗМ',1),
	(2280,178,4,'МОСКВА ДОНСКАЯ 43',1),
	(2281,178,5,'15-11-2015',1),
	(2282,178,6,'1027739134422',1),
	(2283,178,7,'Петров',1),
	(2284,178,8,'Сергей',1),
	(2285,178,9,'Николаевич',1),
	(2286,178,10,'08-06-2006',1),
	(2287,178,11,'1',1),
	(2288,178,12,'01',1),
	(2289,178,13,'ИФД Капитал',1),
	(2290,178,14,'1',1),
	(2291,178,15,'423456',1),
	(2292,178,16,'1',1),
	(2293,178,17,'01-06-2016',1),
	(2294,178,18,'09-06-2016',1),
	(2295,178,19,'234',1),
	(2296,178,20,'5322467556',1),
	(2297,178,21,'17',1),
	(2298,178,22,'Иванов И.И.',1),
	(2299,178,23,'63',1),
	(2300,178,24,'Петров Е.В.',1),
	(2301,178,25,'3',1),
	(2302,178,26,'Не',1),
	(2303,178,27,'08-06-2016',1),
	(2304,178,28,'03-06-2016',1),
	(2305,178,29,'14-06-2016',1),
	(2306,178,31,'08-06-2016',1),
	(2307,178,32,'2',1),
	(2308,178,33,'11-06-2016',1),
	(2309,178,35,'01-06-2016',1),
	(2310,178,36,'15-06-2016',1),
	(2311,178,38,'Петров И.С.',1),
	(2312,178,0,'123412341235',1),
	(2313,178,1,'1',1),
	(2314,178,3,'ГБУЗ НПЦ ПСИХОНЕВРОЛОГИИ ДЗМ',1),
	(2315,178,4,'МОСКВА ДОНСКАЯ 43',1),
	(2316,178,5,'15-11-2015',1),
	(2317,178,6,'1027739134422',1),
	(2318,178,7,'Петров',1),
	(2319,178,8,'Сергей',1),
	(2320,178,9,'Николаевич',1),
	(2321,178,10,'08-06-2006',1),
	(2322,178,11,'1',1),
	(2323,178,12,'01',1),
	(2324,178,13,'ИФД Капитал',1),
	(2325,178,14,'1',1),
	(2326,178,15,'423456',1),
	(2327,178,16,'1',1),
	(2328,178,17,'01-06-2016',1),
	(2329,178,18,'09-06-2016',1),
	(2330,178,19,'234',1),
	(2331,178,20,'5322467556',1),
	(2332,178,21,'17',1),
	(2333,178,22,'Иванов И.И.',1),
	(2334,178,23,'63',1),
	(2335,178,24,'Петров Е.В.',1),
	(2336,178,25,'3',1),
	(2337,178,26,'Не',1),
	(2338,178,27,'08-06-2016',1),
	(2339,178,28,'03-06-2016',1),
	(2340,178,29,'14-06-2016',1),
	(2341,178,31,'08-06-2016',1),
	(2342,178,32,'2',1),
	(2343,178,33,'11-06-2016',1),
	(2344,178,35,'01-06-2016',1),
	(2345,178,36,'15-06-2016',1),
	(2346,178,38,'Петров И.С.',1),
	(2347,178,0,'123412341235',0),
	(2348,178,1,'1',0),
	(2349,178,3,'пїЅпїЅпїЅпїЅ пїЅпїЅпїЅ пїЅпїЅпїЅпїЅпїЅпїЅпїЅпїЅпїЅ',0),
	(2350,178,4,'пїЅпїЅпїЅпїЅпїЅпїЅ пїЅпїЅпїЅпїЅпїЅпїЅпїЅ 43',0),
	(2351,178,5,'15-11-2015',0),
	(2352,178,6,'1027739134422',0),
	(2353,178,7,'пїЅпїЅпїЅпїЅпїЅпїЅ',0),
	(2354,178,8,'пїЅпїЅпїЅпїЅпїЅпїЅ',0),
	(2355,178,9,'пїЅпїЅпїЅпїЅпїЅпїЅпїЅпїЅпїЅпїЅ',0),
	(2356,178,10,'08-06-2006',0),
	(2357,178,11,'1',0),
	(2358,178,12,'01',0),
	(2359,178,13,'Р?Р¤Р” РљР°РїРёС‚Р°Р»',0),
	(2360,178,14,'1',0),
	(2361,178,15,'423456',0),
	(2362,178,16,'1',0),
	(2363,178,17,'01-06-2016',0),
	(2364,178,18,'09-06-2016',0),
	(2365,178,19,'234',0),
	(2366,178,20,'5322467556',0),
	(2367,178,21,'17',0),
	(2368,178,22,'Р?РІР°РЅРѕРІ Р?.Р?.',0),
	(2369,178,23,'63',0),
	(2370,178,24,'РџРµС‚СЂРѕРІ Р•.Р’.',0),
	(2371,178,25,'3',0),
	(2372,178,26,'РќРµ',0),
	(2373,178,27,'08-06-2016',0),
	(2374,178,28,'03-06-2016',0),
	(2375,178,29,'14-06-2016',0),
	(2376,178,31,'08-06-2016',0),
	(2377,178,32,'2',0),
	(2378,178,33,'11-06-2016',0),
	(2379,178,35,'01-06-2016',0),
	(2380,178,36,'15-06-2016',0),
	(2381,178,38,'РџРµС‚СЂРѕРІ Р?.РЎ.',0),
	(2382,158,0,'123412341234',1),
	(2383,158,1,'1',1),
	(2384,158,2,'123412341234',1),
	(2385,158,3,'ГБУЗ НПЦ ПСИХОНЕВРОЛОГИИ ДЗМ',1),
	(2386,158,4,'МОСКВА ДОНСКАЯ 43',1),
	(2387,158,5,'01-07-2015',1),
	(2388,158,6,'1027739134422',1),
	(2389,158,7,'Иванов',1),
	(2390,158,8,'Иван',1),
	(2391,158,9,'Иванович',1),
	(2392,158,10,'06-07-2015',1),
	(2393,158,11,'1',1),
	(2394,158,12,'01',1),
	(2395,158,13,'мгту',1),
	(2396,158,14,'1',1),
	(2397,158,16,'1',1),
	(2398,158,25,'1',1),
	(2399,158,33,'14-07-2015',1),
	(2400,158,0,'123412341234',1),
	(2401,158,1,'1',1),
	(2402,158,2,'123412341234',1),
	(2403,158,3,'ГБУЗ НПЦ ПСИХОНЕВРОЛОГИИ ДЗМ',1),
	(2404,158,4,'МОСКВА ДОНСКАЯ 43',1),
	(2405,158,5,'01-07-2015',1),
	(2406,158,6,'1027739134422',1),
	(2407,158,7,'Иванов',1),
	(2408,158,8,'Иван',1),
	(2409,158,9,'Иванович',1),
	(2410,158,10,'06-07-2015',1),
	(2411,158,11,'1',1),
	(2412,158,12,'01',1),
	(2413,158,13,'мгту',1),
	(2414,158,14,'1',1),
	(2415,158,16,'1',1),
	(2416,158,25,'1',1),
	(2417,158,33,'14-07-2015',1),
	(2418,158,0,'123412341234',1),
	(2419,158,1,'1',1),
	(2420,158,2,'123412341234',1),
	(2421,158,3,'ГБУЗ НПЦ ПСИХОНЕВРОЛОГИИ ДЗМ',1),
	(2422,158,4,'МОСКВА ДОНСКАЯ 43',1),
	(2423,158,5,'01-07-2015',1),
	(2424,158,6,'1027739134422',1),
	(2425,158,7,'Иванов',1),
	(2426,158,8,'Иван',1),
	(2427,158,9,'Иванович',1),
	(2428,158,10,'06-07-2015',1),
	(2429,158,11,'1',1),
	(2430,158,12,'01',1),
	(2431,158,13,'мгту',1),
	(2432,158,14,'1',1),
	(2433,158,16,'1',1),
	(2434,158,25,'1',1),
	(2435,158,33,'14-07-2015',1),
	(2436,158,0,'123412341234',1),
	(2437,158,1,'1',1),
	(2438,158,2,'123412341234',1),
	(2439,158,3,'ГБУЗ НПЦ ПСИХОНЕВРОЛОГИИ ДЗМ',1),
	(2440,158,4,'МОСКВА ДОНСКАЯ 43',1),
	(2441,158,5,'01-07-2015',1),
	(2442,158,6,'1027739134422',1),
	(2443,158,7,'Иванов',1),
	(2444,158,8,'Иван',1),
	(2445,158,9,'Иванович',1),
	(2446,158,10,'06-07-2015',1),
	(2447,158,11,'1',1),
	(2448,158,12,'01',1),
	(2449,158,13,'мгту',1),
	(2450,158,14,'1',1),
	(2451,158,16,'1',1),
	(2452,158,25,'1',1),
	(2453,158,33,'14-07-2015',1),
	(2454,184,3,'ГБУЗ НПЦ ПСИХОНЕВРОЛОГИИ ДЗМ',0),
	(2455,184,4,'МОСКВА ДОНСКАЯ 43',0),
	(2456,184,6,'1027739134422',0),
	(2457,184,5,'curdate()',0),
	(2458,184,12,'01',0),
	(2459,158,0,'123412341234',0),
	(2460,158,1,'1',0),
	(2461,158,2,'123412341234',0),
	(2462,158,3,'ГБУЗ НПЦ ПСИХОНЕВРОЛОГИИ ДЗМ',0),
	(2463,158,4,'МОСКВА ДОНСКАЯ 43',0),
	(2464,158,5,'01-07-2015',0),
	(2465,158,6,'1027739134422',0),
	(2466,158,7,'Иванов',0),
	(2467,158,8,'Иван',0),
	(2468,158,9,'Иванович',0),
	(2469,158,10,'06-07-2015',0),
	(2470,158,11,'1',0),
	(2471,158,12,'01',0),
	(2472,158,13,'мгту',0),
	(2473,158,14,'1',0),
	(2474,158,16,'1',0),
	(2475,158,25,'1',0),
	(2476,158,33,'14-07-2015',0);

/*!40000 ALTER TABLE `sertificates` ENABLE KEYS */;
UNLOCK TABLES;


# Дамп таблицы serts
# ------------------------------------------------------------

DROP TABLE IF EXISTS `serts`;

CREATE TABLE `serts` (
  `id` int(11) NOT NULL AUTO_INCREMENT COMMENT 'номер записи',
  `crtdt` timestamp NOT NULL DEFAULT CURRENT_TIMESTAMP COMMENT 'время создания записи',
  `owner` int(11) NOT NULL DEFAULT '1' COMMENT 'id создателя',
  `deleted` int(11) DEFAULT '0',
  PRIMARY KEY (`id`),
  KEY `ownerid` (`owner`),
  KEY `date` (`crtdt`)
) ENGINE=InnoDB DEFAULT CHARSET=utf8 COMMENT='Сертификаты';

LOCK TABLES `serts` WRITE;
/*!40000 ALTER TABLE `serts` DISABLE KEYS */;

INSERT INTO `serts` (`id`, `crtdt`, `owner`, `deleted`)
VALUES
	(2,'2014-03-26 21:52:14',6,0),
	(50,'2014-03-26 21:16:10',5,0),
	(51,'2014-03-27 00:12:28',0,0),
	(52,'2014-03-27 00:23:00',0,0),
	(53,'2014-03-27 00:31:24',0,0),
	(54,'2014-03-27 12:04:09',0,1),
	(55,'2014-03-27 12:23:39',1,1),
	(56,'2014-03-27 17:43:19',1,0),
	(57,'2014-03-27 17:44:28',1,0),
	(58,'2014-03-27 17:44:29',1,0),
	(59,'2014-03-27 17:44:30',1,0),
	(60,'2014-03-27 17:44:30',1,0),
	(61,'2014-03-27 17:44:30',1,0),
	(62,'2014-03-27 17:44:31',1,0),
	(63,'2014-03-27 17:44:31',1,0),
	(64,'2014-03-27 17:45:47',1,0),
	(65,'2014-03-27 17:46:43',1,0),
	(66,'2014-03-27 17:47:58',1,0),
	(67,'2014-03-27 17:48:25',1,1),
	(68,'2014-03-27 17:49:46',1,1),
	(69,'2014-03-27 17:50:57',1,1),
	(70,'2014-03-27 17:51:35',1,1),
	(71,'2014-03-27 17:54:04',1,1),
	(72,'2014-03-27 17:59:33',1,1),
	(73,'2014-03-27 18:53:28',1,1),
	(74,'2014-03-27 18:57:43',1,1),
	(75,'2014-03-27 18:57:49',1,1),
	(76,'2014-03-27 18:58:53',1,1),
	(77,'2014-03-27 18:58:59',1,1),
	(78,'2014-03-27 21:27:10',1,1),
	(79,'2014-03-27 21:29:24',1,1),
	(80,'2014-03-27 21:30:04',1,1),
	(81,'2015-01-13 10:34:29',1,1),
	(82,'2015-01-13 10:42:07',1,1),
	(83,'2015-01-23 12:15:29',1,1),
	(84,'2015-01-23 12:16:11',1,1),
	(85,'2015-02-20 16:19:28',1,1),
	(86,'2015-02-20 16:20:04',1,1),
	(87,'2015-02-20 17:44:40',1,1),
	(88,'2015-02-24 12:36:54',1,1),
	(89,'2015-02-24 12:46:07',1,1),
	(90,'2015-02-24 12:46:19',1,1),
	(91,'2015-02-24 13:05:42',1,1),
	(92,'2015-02-24 13:06:11',1,1),
	(93,'2015-02-24 13:09:17',1,1),
	(94,'2015-02-24 13:09:27',1,1),
	(95,'2015-02-24 13:14:59',1,1),
	(96,'2015-02-24 13:19:59',1,1),
	(97,'2015-02-24 13:21:19',1,1),
	(98,'2015-02-24 13:22:10',1,1),
	(99,'2015-02-24 13:23:14',1,1),
	(100,'2015-02-24 13:24:13',1,1),
	(101,'2015-02-24 13:24:33',1,1),
	(102,'2015-02-24 13:25:38',1,1),
	(103,'2015-02-24 13:28:40',1,1),
	(104,'2015-02-24 13:29:16',1,1),
	(105,'2015-02-24 13:29:20',1,1),
	(106,'2015-02-24 13:29:30',1,1),
	(107,'2015-02-24 13:31:16',1,1),
	(108,'2015-02-24 13:31:54',1,1),
	(109,'2015-02-24 14:56:37',1,1),
	(110,'2015-02-24 14:57:27',1,1),
	(111,'2015-02-24 14:58:35',1,1),
	(112,'2015-02-24 15:00:40',1,1),
	(113,'2015-02-24 15:01:09',1,1),
	(114,'2015-02-24 15:02:19',1,1),
	(115,'2015-02-24 15:03:55',1,1),
	(116,'2015-02-24 15:10:31',1,1),
	(117,'2015-02-24 15:10:33',1,1),
	(118,'2015-02-24 15:10:58',1,1),
	(119,'2015-02-24 15:27:14',1,1),
	(120,'2015-02-24 15:29:21',1,1),
	(121,'2015-02-24 15:31:26',1,1),
	(122,'2015-02-24 15:31:50',1,1),
	(123,'2015-02-24 15:32:55',1,1),
	(124,'2015-02-24 15:33:33',1,1),
	(125,'2015-02-24 15:34:55',1,1),
	(126,'2015-02-24 15:35:09',1,1),
	(127,'2015-02-24 15:37:23',1,1),
	(128,'2015-02-24 15:41:41',1,1),
	(129,'2015-02-24 15:45:03',1,1),
	(130,'2015-02-24 15:45:38',1,1),
	(131,'2015-02-24 15:46:22',1,1),
	(132,'2015-02-24 15:46:36',1,1),
	(133,'2015-02-24 15:46:47',1,1),
	(134,'2015-02-24 15:47:01',1,1),
	(135,'2015-02-24 15:47:37',1,1),
	(136,'2015-02-24 15:48:13',1,1),
	(137,'2015-02-24 15:51:47',1,1),
	(138,'2015-02-24 15:53:41',1,1),
	(139,'2015-02-24 16:10:03',1,1),
	(140,'2015-03-02 11:27:31',1,1),
	(141,'2015-03-06 14:06:17',1,1),
	(142,'2015-03-06 14:06:38',1,1),
	(143,'2015-03-06 14:06:55',1,1),
	(144,'2015-03-06 14:18:41',1,1),
	(145,'2015-03-06 15:36:42',1,1),
	(146,'2015-03-06 16:13:10',1,1),
	(147,'2015-03-06 16:13:19',1,1),
	(148,'2015-03-06 16:13:40',1,1),
	(149,'2015-03-06 16:13:50',1,1),
	(150,'2015-03-10 10:41:23',1,1),
	(151,'2015-03-10 10:42:49',1,1),
	(152,'2015-03-10 10:44:27',1,1),
	(153,'2015-03-18 12:38:58',1,1),
	(154,'2015-04-28 14:50:32',1,1),
	(155,'2015-04-28 14:50:53',1,1),
	(156,'2015-07-06 11:09:52',1,1),
	(157,'2015-07-06 11:10:17',1,1),
	(158,'2015-07-06 11:13:42',1,0),
	(159,'2015-07-06 11:16:05',1,1),
	(160,'2015-07-06 11:28:15',1,1),
	(161,'2015-07-06 11:31:55',1,1),
	(162,'2015-07-06 11:32:32',1,1),
	(163,'2015-07-06 11:38:01',1,1),
	(164,'2015-07-06 12:59:31',1,1),
	(165,'2015-07-10 16:07:04',1,1),
	(166,'2015-07-16 11:05:05',1,1),
	(167,'2015-08-26 15:08:59',1,1),
	(168,'2015-10-28 14:53:34',1,1),
	(169,'2015-10-28 14:54:04',1,1),
	(170,'2015-10-28 14:54:34',1,1),
	(171,'2015-10-28 14:57:37',1,1),
	(172,'2015-10-28 14:59:05',1,1),
	(173,'2015-10-28 14:59:22',1,1),
	(174,'2015-10-28 15:00:02',1,1),
	(175,'2015-10-28 15:00:04',1,1),
	(176,'2015-10-28 15:00:22',1,1),
	(177,'2015-10-28 15:02:54',1,1),
	(178,'2015-11-15 13:16:05',1,1),
	(179,'2015-11-15 13:24:48',1,1),
	(180,'2016-04-18 13:42:07',1,1),
	(181,'2016-04-18 13:42:31',1,1),
	(182,'2016-06-02 00:22:07',1,1),
	(183,'2016-06-06 19:54:12',1,1),
	(184,'2016-06-06 20:34:21',1,1),
	(185,'2016-06-08 15:40:14',1,0);

/*!40000 ALTER TABLE `serts` ENABLE KEYS */;
UNLOCK TABLES;


# Дамп таблицы users
# ------------------------------------------------------------

DROP TABLE IF EXISTS `users`;

CREATE TABLE `users` (
  `id` int(11) NOT NULL AUTO_INCREMENT,
  `login` char(50) NOT NULL DEFAULT '',
  `psw` char(50) NOT NULL DEFAULT '',
  `comment` char(255) NOT NULL DEFAULT 'здесь пока пусто',
  `name` char(100) NOT NULL DEFAULT '',
  `dep` char(50) NOT NULL DEFAULT '0',
  `type` int(11) NOT NULL DEFAULT '1',
  `hash` char(50) DEFAULT NULL,
  `ox` float NOT NULL,
  `oy` float NOT NULL,
  `utype` int(11) DEFAULT '0',
  PRIMARY KEY (`id`)
) ENGINE=InnoDB DEFAULT CHARSET=utf8 COMMENT='Пользователи системы';

LOCK TABLES `users` WRITE;
/*!40000 ALTER TABLE `users` DISABLE KEYS */;

INSERT INTO `users` (`id`, `login`, `psw`, `comment`, `name`, `dep`, `type`, `hash`, `ox`, `oy`, `utype`)
VALUES
	(1,'test','qwert','здесь пока пусто','qwert1234','0',1,'8106c25736edf49d7bf00534b341d876',2,0,1),
	(2,'test2','test2','здесь пока пусто','пятница12','0',1,'ad962474c84aeec33af0fa63f73c152a',0,0,0),
	(9,'we','qw3546asdf','здесь пока пусто','wasd','0',1,NULL,1,2,0),
	(10,'login1','pass','здесь пока пусто','Иванов Иван Иванович12','0',1,'5b7ad6a0a3312f2e3e4b5af5b4f81833',12,124,0),
	(11,'qwert','qwert','здесь пока пусто','qwert','0',1,'d970e6124b65fbdd46fd6201dcd3cee1',1,1,0),
	(12,'asdfzx','asdsf','здесь пока пусто','sdfasdf','0',1,NULL,12,65,0),
	(13,'user5','user5','здесь пока пусто','werqwer','0',1,'3e04869168534e1e6e75c5ca4ea1cf44',0,0,0),
	(14,'user6','user6','здесь пока пусто','Смирнова','0',1,NULL,10,10,2),
	(15,'auth','55041-089-0228367-76372','16','НПЦ им.Соловьева','0',1,NULL,0,0,0);

/*!40000 ALTER TABLE `users` ENABLE KEYS */;
UNLOCK TABLES;


# Дамп таблицы users_settings
# ------------------------------------------------------------

DROP TABLE IF EXISTS `users_settings`;

CREATE TABLE `users_settings` (
  `num` int(11) NOT NULL,
  `name` varchar(50) NOT NULL DEFAULT '',
  `field` varchar(50) NOT NULL DEFAULT ''
) ENGINE=InnoDB DEFAULT CHARSET=utf8;

LOCK TABLES `users_settings` WRITE;
/*!40000 ALTER TABLE `users_settings` DISABLE KEYS */;

INSERT INTO `users_settings` (`num`, `name`, `field`)
VALUES
	(4,'Смещение по оси Х','ox'),
	(5,'Смещение по оси Y','oy'),
	(1,'Логин','login'),
	(2,'Пароль','psw'),
	(3,'ФИО','name'),
	(6,'Комментарий','comment'),
	(7,'ID','id');

/*!40000 ALTER TABLE `users_settings` ENABLE KEYS */;
UNLOCK TABLES;


# Дамп таблицы users_vle
# ------------------------------------------------------------

DROP TABLE IF EXISTS `users_vle`;

CREATE TABLE `users_vle` (
  `UserID` int(11) DEFAULT NULL,
  `TPE` int(11) DEFAULT NULL,
  `VLE` varchar(50) CHARACTER SET cp1251 DEFAULT NULL
) ENGINE=InnoDB DEFAULT CHARSET=utf8;

LOCK TABLES `users_vle` WRITE;
/*!40000 ALTER TABLE `users_vle` DISABLE KEYS */;

INSERT INTO `users_vle` (`UserID`, `TPE`, `VLE`)
VALUES
	(1,4,'140'),
	(1,5,'365'),
	(2,4,'0'),
	(2,5,'0');

/*!40000 ALTER TABLE `users_vle` ENABLE KEYS */;
UNLOCK TABLES;



/*!40111 SET SQL_NOTES=@OLD_SQL_NOTES */;
/*!40101 SET SQL_MODE=@OLD_SQL_MODE */;
/*!40014 SET FOREIGN_KEY_CHECKS=@OLD_FOREIGN_KEY_CHECKS */;
/*!40101 SET CHARACTER_SET_CLIENT=@OLD_CHARACTER_SET_CLIENT */;
/*!40101 SET CHARACTER_SET_RESULTS=@OLD_CHARACTER_SET_RESULTS */;
/*!40101 SET COLLATION_CONNECTION=@OLD_COLLATION_CONNECTION */;
